product_id,product_name,vendor,category,price,original_price,rating,review_count,in_stock,sku,tags,description,created_at,image_url,product_url,is_discounted,discount_amount,discount_percentage,stock_status,created_date,created_year,created_month,created_month_name,price_category,rating_category
1,Lightweight Probiotics,SoundWave,Health,155.62,206.69,4.0,52,1,SKU-HEA-0001,"natural, fitness",High-quality lightweight probiotics from SoundWave. Perfect for everyday use. Features premium materials and thoughtful design. This health product has been carefully crafted to meet the highest standards of quality and performance.,2022-08-29 00:00:00,https://placehold.co/400x400/10b981/ffffff?text=Probiotics,https://scrapingsandbox.com/product/1,1,51.07,24.71,In Stock,2022-08-29,2022,8,August,Luxury,Very Good
2,Wireless LED Desk Lamp,SoundWave,Electronics,145.4,210.01,4.6,12,0,SKU-ELE-0002,"tech, digital, USB",High-quality wireless led desk lamp from SoundWave. Perfect for everyday use. Features premium materials and thoughtful design. This electronics product has been carefully crafted to meet the highest standards of quality and performance.,2023-06-04 00:00:00,https://placehold.co/400x400/f59e0b/ffffff?text=LED,https://scrapingsandbox.com/product/2,1,64.61,30.77,Out of Stock,2023-06-04,2023,6,June,Premium,Excellent
3,Deluxe Tea Collection,StyleCraft,Food & Beverage,185.01,313.98,3.5,211,1,SKU-FOO-0003,organic,High-quality deluxe tea collection from StyleCraft. Perfect for everyday use. Features premium materials and thoughtful design. This food & beverage product has been carefully crafted to meet the highest standards of quality and performance.,2023-04-17 00:00:00,https://placehold.co/400x400/84cc16/ffffff?text=Tea,https://scrapingsandbox.com/product/3,1,128.97,41.08,In Stock,2023-04-17,2023,4,April,Luxury,Good
4,Essential Tire Gauge,TechVault,Automotive,70.86,,3.6,47,0,SKU-AUT-0004,"car, accessories, travel",High-quality essential tire gauge from TechVault. Perfect for everyday use. Features premium materials and thoughtful design. This automotive product has been carefully crafted to meet the highest standards of quality and performance.,2022-10-24 00:00:00,https://placehold.co/400x400/6366f1/ffffff?text=Tire,https://scrapingsandbox.com/product/4,0,0.0,0.0,Out of Stock,2022-10-24,2022,10,October,Affordable,Good
5,Smart Carving Tools,SparkleBox,Art,97.13,,3.5,353,1,SKU-ART-0005,"drawing, painting",High-quality smart carving tools from SparkleBox. Perfect for everyday use. Features premium materials and thoughtful design. This art product has been carefully crafted to meet the highest standards of quality and performance.,2022-08-07 00:00:00,https://placehold.co/400x400/f59e0b/ffffff?text=Carving,https://scrapingsandbox.com/product/5,0,0.0,0.0,In Stock,2022-08-07,2022,8,August,Affordable,Good
6,Professional Dog Food,StyleCraft,Pet Supplies,145.4,,4.6,156,1,SKU-PET-0006,"cats, grooming, food",High-quality professional dog food from StyleCraft. Perfect for everyday use. Features premium materials and thoughtful design. This pet supplies product has been carefully crafted to meet the highest standards of quality and performance.,2022-08-30 00:00:00,https://placehold.co/400x400/ef4444/ffffff?text=Dog,https://scrapingsandbox.com/product/6,0,0.0,0.0,In Stock,2022-08-30,2022,8,August,Premium,Excellent
7,Smart Car Wash Kit,UrbanThread,Automotive,139.94,173.26,3.0,81,1,SKU-AUT-0007,car,High-quality smart car wash kit from UrbanThread. Perfect for everyday use. Features premium materials and thoughtful design. This automotive product has been carefully crafted to meet the highest standards of quality and performance.,2023-08-19 00:00:00,https://placehold.co/400x400/84cc16/ffffff?text=Car,https://scrapingsandbox.com/product/7,1,33.32,19.23,In Stock,2023-08-19,2023,8,August,Premium,Average
8,Premium Bluetooth Speaker,AutoParts Pro,Electronics,108.99,,4.5,426,1,SKU-ELE-0008,USB,High-quality premium bluetooth speaker from AutoParts Pro. Perfect for everyday use. Features premium materials and thoughtful design. This electronics product has been carefully crafted to meet the highest standards of quality and performance.,2023-09-04 00:00:00,https://placehold.co/400x400/06b6d4/ffffff?text=Bluetooth,https://scrapingsandbox.com/product/8,0,0.0,0.0,In Stock,2023-09-04,2023,9,September,Premium,Excellent
9,Vintage Tablet Stand,GlowUp,Electronics,44.15,69.14,3.4,411,1,SKU-ELE-0009,tech,High-quality vintage tablet stand from GlowUp. Perfect for everyday use. Features premium materials and thoughtful design. This electronics product has been carefully crafted to meet the highest standards of quality and performance.,2023-10-16 00:00:00,https://placehold.co/400x400/f59e0b/ffffff?text=Tablet,https://scrapingsandbox.com/product/9,1,24.99,36.14,In Stock,2023-10-16,2023,10,October,Budget,Average
10,Portable Marker Pack,VitalLife,Art,193.91,258.48,4.2,330,1,SKU-ART-0010,"supplies, creative, crafts",High-quality portable marker pack from VitalLife. Perfect for everyday use. Features premium materials and thoughtful design. This art product has been carefully crafted to meet the highest standards of quality and performance.,2023-10-27 00:00:00,https://placehold.co/400x400/3b82f6/ffffff?text=Marker,https://scrapingsandbox.com/product/10,1,64.57,24.98,In Stock,2023-10-27,2023,10,October,Luxury,Very Good
11,Professional Brush Kit,AutoParts Pro,Art,55.29,,3.6,204,0,SKU-ART-0011,supplies,High-quality professional brush kit from AutoParts Pro. Perfect for everyday use. Features premium materials and thoughtful design. This art product has been carefully crafted to meet the highest standards of quality and performance.,2023-05-21 00:00:00,https://placehold.co/400x400/ec4899/ffffff?text=Brush,https://scrapingsandbox.com/product/11,0,0.0,0.0,Out of Stock,2023-05-21,2023,5,May,Affordable,Good
12,Smart Play Dough,AutoParts Pro,Toys,123.5,198.84,3.5,438,1,SKU-TOY-0012,"games, fun, creative",High-quality smart play dough from AutoParts Pro. Perfect for everyday use. Features premium materials and thoughtful design. This toys product has been carefully crafted to meet the highest standards of quality and performance.,2023-10-11 00:00:00,https://placehold.co/400x400/06b6d4/ffffff?text=Play,https://scrapingsandbox.com/product/12,1,75.34,37.89,In Stock,2023-10-11,2023,10,October,Premium,Good
13,Premium Vinyl Record,DeskMate,Music,69.22,,4.5,442,1,SKU-MUS-0013,"instruments, audio, recording",High-quality premium vinyl record from DeskMate. Perfect for everyday use. Features premium materials and thoughtful design. This music product has been carefully crafted to meet the highest standards of quality and performance.,2022-01-19 00:00:00,https://placehold.co/400x400/ef4444/ffffff?text=Vinyl,https://scrapingsandbox.com/product/13,0,0.0,0.0,In Stock,2022-01-19,2022,1,January,Affordable,Excellent
14,Professional Aquarium Plant,TechVault,Pet Supplies,71.68,100.32,4.6,339,1,SKU-PET-0014,dogs,High-quality professional aquarium plant from TechVault. Perfect for everyday use. Features premium materials and thoughtful design. This pet supplies product has been carefully crafted to meet the highest standards of quality and performance.,2022-09-18 00:00:00,https://placehold.co/400x400/f59e0b/ffffff?text=Aquarium,https://scrapingsandbox.com/product/14,1,28.64,28.55,In Stock,2022-09-18,2022,9,September,Affordable,Excellent
15,Vintage Stuffed Animal,HomeNest,Toys,124.84,176.26,5.0,252,1,SKU-TOY-0015,"games, fun, creative",High-quality vintage stuffed animal from HomeNest. Perfect for everyday use. Features premium materials and thoughtful design. This toys product has been carefully crafted to meet the highest standards of quality and performance.,2022-04-18 00:00:00,https://placehold.co/400x400/ef4444/ffffff?text=Stuffed,https://scrapingsandbox.com/product/15,1,51.42,29.17,In Stock,2022-04-18,2022,4,April,Premium,Excellent
16,Eco-Friendly Protein Bar,UrbanThread,Food & Beverage,76.27,,3.9,47,1,SKU-FOO-0016,organic,High-quality eco-friendly protein bar from UrbanThread. Perfect for everyday use. Features premium materials and thoughtful design. This food & beverage product has been carefully crafted to meet the highest standards of quality and performance.,2023-05-28 00:00:00,https://placehold.co/400x400/3b82f6/ffffff?text=Protein,https://scrapingsandbox.com/product/16,0,0.0,0.0,In Stock,2023-05-28,2023,5,May,Affordable,Good
17,Lightweight Paper Clips,UrbanThread,Office Supplies,156.17,,4.3,80,1,SKU-OFF-0017,"stationery, desk, organization",High-quality lightweight paper clips from UrbanThread. Perfect for everyday use. Features premium materials and thoughtful design. This office supplies product has been carefully crafted to meet the highest standards of quality and performance.,2023-08-21 00:00:00,https://placehold.co/400x400/ec4899/ffffff?text=Paper,https://scrapingsandbox.com/product/17,0,0.0,0.0,In Stock,2023-08-21,2023,8,August,Luxury,Very Good
18,Professional Guitar Strings,NovaTech,Music,159.77,264.22,4.1,418,1,SKU-MUS-0018,"instruments, audio, recording",High-quality professional guitar strings from NovaTech. Perfect for everyday use. Features premium materials and thoughtful design. This music product has been carefully crafted to meet the highest standards of quality and performance.,2022-06-16 00:00:00,https://placehold.co/400x400/8b5cf6/ffffff?text=Guitar,https://scrapingsandbox.com/product/18,1,104.45,39.53,In Stock,2022-06-16,2022,6,June,Luxury,Very Good
19,Premium Business Book,PageTurner,Books,175.14,,4.9,108,1,SKU-BOO-0019,paperback,High-quality premium business book from PageTurner. Perfect for everyday use. Features premium materials and thoughtful design. This books product has been carefully crafted to meet the highest standards of quality and performance.,2023-09-21 00:00:00,https://placehold.co/400x400/06b6d4/ffffff?text=Business,https://scrapingsandbox.com/product/19,0,0.0,0.0,In Stock,2023-09-21,2023,9,September,Luxury,Excellent
20,Handcrafted Locket,DeskMate,Jewelry,106.84,,4.2,239,1,SKU-JEW-0020,"luxury, handmade",High-quality handcrafted locket from DeskMate. Perfect for everyday use. Features premium materials and thoughtful design. This jewelry product has been carefully crafted to meet the highest standards of quality and performance.,2023-06-07 00:00:00,https://placehold.co/400x400/f97316/ffffff?text=Locket,https://scrapingsandbox.com/product/20,0,0.0,0.0,In Stock,2023-06-07,2023,6,June,Premium,Very Good
21,Compact Heating Pad,NovaTech,Health,70.83,,4.8,494,1,SKU-HEA-0021,"wellness, supplements, medical",High-quality compact heating pad from NovaTech. Perfect for everyday use. Features premium materials and thoughtful design. This health product has been carefully crafted to meet the highest standards of quality and performance.,2023-08-20 00:00:00,https://placehold.co/400x400/8b5cf6/ffffff?text=Heating,https://scrapingsandbox.com/product/21,0,0.0,0.0,In Stock,2023-08-20,2023,8,August,Affordable,Excellent
22,Advanced Brake Pad,PlayZone,Automotive,108.45,,4.3,342,1,SKU-AUT-0022,"accessories, travel, safety",High-quality advanced brake pad from PlayZone. Perfect for everyday use. Features premium materials and thoughtful design. This automotive product has been carefully crafted to meet the highest standards of quality and performance.,2023-06-10 00:00:00,https://placehold.co/400x400/f97316/ffffff?text=Brake,https://scrapingsandbox.com/product/22,0,0.0,0.0,In Stock,2023-06-10,2023,6,June,Premium,Very Good
23,Heavy-Duty Seat Cover,ProGear,Automotive,30.36,,4.2,68,1,SKU-AUT-0023,"accessories, travel, safety",High-quality heavy-duty seat cover from ProGear. Perfect for everyday use. Features premium materials and thoughtful design. This automotive product has been carefully crafted to meet the highest standards of quality and performance.,2022-03-03 00:00:00,https://placehold.co/400x400/8b5cf6/ffffff?text=Seat,https://scrapingsandbox.com/product/23,0,0.0,0.0,In Stock,2022-03-03,2022,3,March,Budget,Very Good
24,Heavy-Duty Palette,TasteBud,Art,179.54,,3.7,69,1,SKU-ART-0024,painting,High-quality heavy-duty palette from TasteBud. Perfect for everyday use. Features premium materials and thoughtful design. This art product has been carefully crafted to meet the highest standards of quality and performance.,2022-10-10 00:00:00,https://placehold.co/400x400/6366f1/ffffff?text=Palette,https://scrapingsandbox.com/product/24,0,0.0,0.0,In Stock,2022-10-10,2022,10,October,Luxury,Good
25,Vintage Nerf Gun,CozyCorner,Toys,107.53,182.58,3.6,35,1,SKU-TOY-0025,kids,High-quality vintage nerf gun from CozyCorner. Perfect for everyday use. Features premium materials and thoughtful design. This toys product has been carefully crafted to meet the highest standards of quality and performance.,2023-11-11 00:00:00,https://placehold.co/400x400/10b981/ffffff?text=Nerf,https://scrapingsandbox.com/product/25,1,75.05,41.11,In Stock,2023-11-11,2023,11,November,Premium,Good
26,Pro Stamp Set,CozyCorner,Office Supplies,16.25,23.56,4.6,285,1,SKU-OFF-0026,"desk, organization, work",High-quality pro stamp set from CozyCorner. Perfect for everyday use. Features premium materials and thoughtful design. This office supplies product has been carefully crafted to meet the highest standards of quality and performance.,2022-02-27 00:00:00,https://placehold.co/400x400/6366f1/ffffff?text=Stamp,https://scrapingsandbox.com/product/26,1,7.31,31.03,In Stock,2022-02-27,2022,2,February,Budget,Excellent
27,Premium Air Freshener,VitalLife,Automotive,165.03,,4.8,370,0,SKU-AUT-0027,accessories,High-quality premium air freshener from VitalLife. Perfect for everyday use. Features premium materials and thoughtful design. This automotive product has been carefully crafted to meet the highest standards of quality and performance.,2022-01-18 00:00:00,https://placehold.co/400x400/10b981/ffffff?text=Air,https://scrapingsandbox.com/product/27,0,0.0,0.0,Out of Stock,2022-01-18,2022,1,January,Luxury,Excellent
28,Heavy-Duty Label Maker,PawPal,Office Supplies,195.41,293.23,3.2,467,1,SKU-OFF-0028,"desk, organization",High-quality heavy-duty label maker from PawPal. Perfect for everyday use. Features premium materials and thoughtful design. This office supplies product has been carefully crafted to meet the highest standards of quality and performance.,2023-12-18 00:00:00,https://placehold.co/400x400/f97316/ffffff?text=Label,https://scrapingsandbox.com/product/28,1,97.82,33.36,In Stock,2023-12-18,2023,12,December,Luxury,Average
29,Lightweight Blood Pressure Monitor,FitPro,Health,170.16,,4.9,170,0,SKU-HEA-0029,"wellness, supplements, medical",High-quality lightweight blood pressure monitor from FitPro. Perfect for everyday use. Features premium materials and thoughtful design. This health product has been carefully crafted to meet the highest standards of quality and performance.,2022-12-22 00:00:00,https://placehold.co/400x400/84cc16/ffffff?text=Blood,https://scrapingsandbox.com/product/29,0,0.0,0.0,Out of Stock,2022-12-22,2022,12,December,Luxury,Excellent
30,Ultra USB-C Hub,HomeNest,Electronics,110.55,,3.9,76,1,SKU-ELE-0030,gadgets,High-quality ultra usb-c hub from HomeNest. Perfect for everyday use. Features premium materials and thoughtful design. This electronics product has been carefully crafted to meet the highest standards of quality and performance.,2023-11-15 00:00:00,https://placehold.co/400x400/f59e0b/ffffff?text=USB-C,https://scrapingsandbox.com/product/30,0,0.0,0.0,In Stock,2023-11-15,2023,11,November,Premium,Good
31,Premium Travel Guide,SoundWave,Books,133.28,,3.6,498,1,SKU-BOO-0031,"reading, paperback",High-quality premium travel guide from SoundWave. Perfect for everyday use. Features premium materials and thoughtful design. This books product has been carefully crafted to meet the highest standards of quality and performance.,2023-10-31 00:00:00,https://placehold.co/400x400/84cc16/ffffff?text=Travel,https://scrapingsandbox.com/product/31,0,0.0,0.0,In Stock,2023-10-31,2023,10,October,Premium,Good
32,Vintage Speaker Cable,ProGear,Music,49.19,,3.4,481,0,SKU-MUS-0032,"instruments, accessories",High-quality vintage speaker cable from ProGear. Perfect for everyday use. Features premium materials and thoughtful design. This music product has been carefully crafted to meet the highest standards of quality and performance.,2022-01-27 00:00:00,https://placehold.co/400x400/3b82f6/ffffff?text=Speaker,https://scrapingsandbox.com/product/32,0,0.0,0.0,Out of Stock,2022-01-27,2022,1,January,Budget,Average
33,Classic First Aid Kit,VitalLife,Health,15.69,,4.1,265,1,SKU-HEA-0033,"supplements, natural",High-quality classic first aid kit from VitalLife. Perfect for everyday use. Features premium materials and thoughtful design. This health product has been carefully crafted to meet the highest standards of quality and performance.,2023-02-22 00:00:00,https://placehold.co/400x400/f97316/ffffff?text=First,https://scrapingsandbox.com/product/33,0,0.0,0.0,In Stock,2023-02-22,2023,2,February,Budget,Very Good
34,Eco-Friendly Grip Gloves,StyleCraft,Sports,193.06,,3.7,324,0,SKU-SPO-0034,"fitness, workout, outdoor",High-quality eco-friendly grip gloves from StyleCraft. Perfect for everyday use. Features premium materials and thoughtful design. This sports product has been carefully crafted to meet the highest standards of quality and performance.,2023-09-24 00:00:00,https://placehold.co/400x400/06b6d4/ffffff?text=Grip,https://scrapingsandbox.com/product/34,0,0.0,0.0,Out of Stock,2023-09-24,2023,9,September,Luxury,Good
35,Vintage Hoop Earrings,TasteBud,Jewelry,27.37,,3.1,495,1,SKU-JEW-0035,"handmade, fashion",High-quality vintage hoop earrings from TasteBud. Perfect for everyday use. Features premium materials and thoughtful design. This jewelry product has been carefully crafted to meet the highest standards of quality and performance.,2022-03-05 00:00:00,https://placehold.co/400x400/ef4444/ffffff?text=Hoop,https://scrapingsandbox.com/product/35,0,0.0,0.0,In Stock,2022-03-05,2022,3,March,Budget,Average
36,Modern Nut Mix,NovaTech,Food & Beverage,31.27,38.53,3.9,471,1,SKU-FOO-0036,snacks,High-quality modern nut mix from NovaTech. Perfect for everyday use. Features premium materials and thoughtful design. This food & beverage product has been carefully crafted to meet the highest standards of quality and performance.,2022-11-19 00:00:00,https://placehold.co/400x400/f59e0b/ffffff?text=Nut,https://scrapingsandbox.com/product/36,1,7.26,18.84,In Stock,2022-11-19,2022,11,November,Budget,Good
37,Handcrafted Flannel Shirt,SparkleBox,Clothing,164.84,,4.4,34,1,SKU-CLO-0037,"streetwear, unisex",High-quality handcrafted flannel shirt from SparkleBox. Perfect for everyday use. Features premium materials and thoughtful design. This clothing product has been carefully crafted to meet the highest standards of quality and performance.,2022-06-04 00:00:00,https://placehold.co/400x400/8b5cf6/ffffff?text=Flannel,https://scrapingsandbox.com/product/37,0,0.0,0.0,In Stock,2022-06-04,2022,6,June,Luxury,Very Good
38,Lightweight Vitamin Pack,VitalLife,Health,148.91,,4.6,335,1,SKU-HEA-0038,"supplements, medical, fitness",High-quality lightweight vitamin pack from VitalLife. Perfect for everyday use. Features premium materials and thoughtful design. This health product has been carefully crafted to meet the highest standards of quality and performance.,2023-07-19 00:00:00,https://placehold.co/400x400/f59e0b/ffffff?text=Vitamin,https://scrapingsandbox.com/product/38,0,0.0,0.0,In Stock,2023-07-19,2023,7,July,Premium,Excellent
39,Compact Canvas,NovaTech,Art,204.29,279.96,4.7,27,1,SKU-ART-0039,supplies,High-quality compact canvas from NovaTech. Perfect for everyday use. Features premium materials and thoughtful design. This art product has been carefully crafted to meet the highest standards of quality and performance.,2023-09-19 00:00:00,https://placehold.co/400x400/06b6d4/ffffff?text=Canvas,https://scrapingsandbox.com/product/39,1,75.67,27.03,In Stock,2023-09-19,2023,9,September,Luxury,Excellent
40,Professional Skipping Rope,SoundWave,Sports,31.33,,3.4,42,1,SKU-SPO-0040,"workout, outdoor, training",High-quality professional skipping rope from SoundWave. Perfect for everyday use. Features premium materials and thoughtful design. This sports product has been carefully crafted to meet the highest standards of quality and performance.,2022-09-19 00:00:00,https://placehold.co/400x400/06b6d4/ffffff?text=Skipping,https://scrapingsandbox.com/product/40,0,0.0,0.0,In Stock,2022-09-19,2022,9,September,Budget,Average
41,Ultra Cookbook,PlayZone,Books,104.27,,3.3,277,1,SKU-BOO-0041,"literature, education, paperback",High-quality ultra cookbook from PlayZone. Perfect for everyday use. Features premium materials and thoughtful design. This books product has been carefully crafted to meet the highest standards of quality and performance.,2022-10-28 00:00:00,https://placehold.co/400x400/f59e0b/ffffff?text=Cookbook,https://scrapingsandbox.com/product/41,0,0.0,0.0,In Stock,2022-10-28,2022,10,October,Premium,Average
42,Vintage Microphone,PageTurner,Electronics,27.42,,3.3,48,0,SKU-ELE-0042,"tech, gadgets, digital",High-quality vintage microphone from PageTurner. Perfect for everyday use. Features premium materials and thoughtful design. This electronics product has been carefully crafted to meet the highest standards of quality and performance.,2023-08-08 00:00:00,https://placehold.co/400x400/3b82f6/ffffff?text=Microphone,https://scrapingsandbox.com/product/42,0,0.0,0.0,Out of Stock,2023-08-08,2023,8,August,Budget,Average
43,Limited Edition Calligraphy Set,NovaTech,Art,44.65,,4.1,138,1,SKU-ART-0043,"supplies, creative, painting",High-quality limited edition calligraphy set from NovaTech. Perfect for everyday use. Features premium materials and thoughtful design. This art product has been carefully crafted to meet the highest standards of quality and performance.,2022-05-28 00:00:00,https://placehold.co/400x400/f59e0b/ffffff?text=Calligraphy,https://scrapingsandbox.com/product/43,0,0.0,0.0,In Stock,2022-05-28,2022,5,May,Budget,Very Good
44,Vintage Art Book,HomeNest,Books,91.83,,4.3,83,1,SKU-BOO-0044,"literature, education, paperback",High-quality vintage art book from HomeNest. Perfect for everyday use. Features premium materials and thoughtful design. This books product has been carefully crafted to meet the highest standards of quality and performance.,2023-05-25 00:00:00,https://placehold.co/400x400/f59e0b/ffffff?text=Art,https://scrapingsandbox.com/product/44,0,0.0,0.0,In Stock,2023-05-25,2023,5,May,Affordable,Very Good
45,Handcrafted Chain,CozyCorner,Jewelry,13.6,,3.4,81,1,SKU-JEW-0045,"accessories, handmade",High-quality handcrafted chain from CozyCorner. Perfect for everyday use. Features premium materials and thoughtful design. This jewelry product has been carefully crafted to meet the highest standards of quality and performance.,2022-08-10 00:00:00,https://placehold.co/400x400/6366f1/ffffff?text=Chain,https://scrapingsandbox.com/product/45,0,0.0,0.0,In Stock,2022-08-10,2022,8,August,Budget,Average
46,Heavy-Duty Play Dough,DeskMate,Toys,50.6,61.74,4.5,491,1,SKU-TOY-0046,"kids, games, fun",High-quality heavy-duty play dough from DeskMate. Perfect for everyday use. Features premium materials and thoughtful design. This toys product has been carefully crafted to meet the highest standards of quality and performance.,2022-08-24 00:00:00,https://placehold.co/400x400/06b6d4/ffffff?text=Play,https://scrapingsandbox.com/product/46,1,11.14,18.04,In Stock,2022-08-24,2022,8,August,Affordable,Excellent
47,Classic Sunscreen,DeskMate,Beauty,157.22,208.55,4.1,172,0,SKU-BEA-0047,skincare,High-quality classic sunscreen from DeskMate. Perfect for everyday use. Features premium materials and thoughtful design. This beauty product has been carefully crafted to meet the highest standards of quality and performance.,2022-12-19 00:00:00,https://placehold.co/400x400/f97316/ffffff?text=Sunscreen,https://scrapingsandbox.com/product/47,1,51.33,24.61,Out of Stock,2022-12-19,2022,12,December,Luxury,Very Good
48,Smart Ab Wheel,FitPro,Sports,102.86,129.16,3.6,15,1,SKU-SPO-0048,"fitness, workout, training",High-quality smart ab wheel from FitPro. Perfect for everyday use. Features premium materials and thoughtful design. This sports product has been carefully crafted to meet the highest standards of quality and performance.,2023-11-16 00:00:00,https://placehold.co/400x400/ef4444/ffffff?text=Ab,https://scrapingsandbox.com/product/48,1,26.3,20.36,In Stock,2023-11-16,2023,11,November,Premium,Good
49,Ultra Vinyl Record,GlowUp,Music,158.97,222.33,3.7,278,1,SKU-MUS-0049,"instruments, audio, recording",High-quality ultra vinyl record from GlowUp. Perfect for everyday use. Features premium materials and thoughtful design. This music product has been carefully crafted to meet the highest standards of quality and performance.,2022-02-02 00:00:00,https://placehold.co/400x400/f59e0b/ffffff?text=Vinyl,https://scrapingsandbox.com/product/49,1,63.36,28.5,In Stock,2022-02-02,2022,2,February,Luxury,Good
50,Organic Olive Oil,PlayZone,Food & Beverage,52.91,70.04,3.2,392,1,SKU-FOO-0050,organic,High-quality organic olive oil from PlayZone. Perfect for everyday use. Features premium materials and thoughtful design. This food & beverage product has been carefully crafted to meet the highest standards of quality and performance.,2022-09-11 00:00:00,https://placehold.co/400x400/8b5cf6/ffffff?text=Olive,https://scrapingsandbox.com/product/50,1,17.13,24.46,In Stock,2022-09-11,2022,9,September,Affordable,Average
51,Premium Belt,MindBooks,Clothing,67.17,84.36,4.6,2,1,SKU-CLO-0051,"fashion, casual",High-quality premium belt from MindBooks. Perfect for everyday use. Features premium materials and thoughtful design. This clothing product has been carefully crafted to meet the highest standards of quality and performance.,2023-06-12 00:00:00,https://placehold.co/400x400/84cc16/ffffff?text=Belt,https://scrapingsandbox.com/product/51,1,17.19,20.38,In Stock,2023-06-12,2023,6,June,Affordable,Excellent
52,Advanced Journal,VitalLife,Books,84.44,,3.4,212,1,SKU-BOO-0052,"education, paperback",High-quality advanced journal from VitalLife. Perfect for everyday use. Features premium materials and thoughtful design. This books product has been carefully crafted to meet the highest standards of quality and performance.,2023-06-29 00:00:00,https://placehold.co/400x400/6366f1/ffffff?text=Journal,https://scrapingsandbox.com/product/52,0,0.0,0.0,In Stock,2023-06-29,2023,6,June,Affordable,Average
53,Wireless Jam Collection,UrbanThread,Food & Beverage,175.09,,3.7,190,0,SKU-FOO-0053,"organic, artisan",High-quality wireless jam collection from UrbanThread. Perfect for everyday use. Features premium materials and thoughtful design. This food & beverage product has been carefully crafted to meet the highest standards of quality and performance.,2023-01-15 00:00:00,https://placehold.co/400x400/06b6d4/ffffff?text=Jam,https://scrapingsandbox.com/product/53,0,0.0,0.0,Out of Stock,2023-01-15,2023,1,January,Luxury,Good
54,Portable Children's Book,FitPro,Books,141.9,,3.3,397,1,SKU-BOO-0054,bestseller,High-quality portable children's book from FitPro. Perfect for everyday use. Features premium materials and thoughtful design. This books product has been carefully crafted to meet the highest standards of quality and performance.,2022-05-10 00:00:00,https://placehold.co/400x400/6366f1/ffffff?text=Children's,https://scrapingsandbox.com/product/54,0,0.0,0.0,In Stock,2022-05-10,2022,5,May,Premium,Average
55,Professional MIDI Controller,SoundWave,Music,79.85,121.02,4.2,123,1,SKU-MUS-0055,accessories,High-quality professional midi controller from SoundWave. Perfect for everyday use. Features premium materials and thoughtful design. This music product has been carefully crafted to meet the highest standards of quality and performance.,2023-12-05 00:00:00,https://placehold.co/400x400/06b6d4/ffffff?text=MIDI,https://scrapingsandbox.com/product/55,1,41.17,34.02,In Stock,2023-12-05,2023,12,December,Affordable,Very Good
56,Essential Ring Light,TechVault,Electronics,117.84,185.18,4.0,232,1,SKU-ELE-0056,"tech, USB",High-quality essential ring light from TechVault. Perfect for everyday use. Features premium materials and thoughtful design. This electronics product has been carefully crafted to meet the highest standards of quality and performance.,2022-11-10 00:00:00,https://placehold.co/400x400/06b6d4/ffffff?text=Ring,https://scrapingsandbox.com/product/56,1,67.34,36.36,In Stock,2022-11-10,2022,11,November,Premium,Very Good
57,Essential Thermometer,PageTurner,Health,81.15,,3.4,325,1,SKU-HEA-0057,"supplements, medical, natural",High-quality essential thermometer from PageTurner. Perfect for everyday use. Features premium materials and thoughtful design. This health product has been carefully crafted to meet the highest standards of quality and performance.,2022-04-15 00:00:00,https://placehold.co/400x400/6366f1/ffffff?text=Thermometer,https://scrapingsandbox.com/product/57,0,0.0,0.0,In Stock,2022-04-15,2022,4,April,Affordable,Average
58,Advanced File Folder,StyleCraft,Office Supplies,156.62,207.19,3.5,268,0,SKU-OFF-0058,"desk, organization, work",High-quality advanced file folder from StyleCraft. Perfect for everyday use. Features premium materials and thoughtful design. This office supplies product has been carefully crafted to meet the highest standards of quality and performance.,2022-10-08 00:00:00,https://placehold.co/400x400/8b5cf6/ffffff?text=File,https://scrapingsandbox.com/product/58,1,50.57,24.41,Out of Stock,2022-10-08,2022,10,October,Luxury,Good
59,Advanced Watch,FitPro,Clothing,45.33,70.34,3.3,207,1,SKU-CLO-0059,"apparel, streetwear, casual",High-quality advanced watch from FitPro. Perfect for everyday use. Features premium materials and thoughtful design. This clothing product has been carefully crafted to meet the highest standards of quality and performance.,2023-06-08 00:00:00,https://placehold.co/400x400/84cc16/ffffff?text=Watch,https://scrapingsandbox.com/product/59,1,25.01,35.56,In Stock,2023-06-08,2023,6,June,Budget,Average
60,Eco-Friendly Puzzle Set,FitPro,Toys,158.96,,4.1,116,1,SKU-TOY-0060,"fun, educational",High-quality eco-friendly puzzle set from FitPro. Perfect for everyday use. Features premium materials and thoughtful design. This toys product has been carefully crafted to meet the highest standards of quality and performance.,2022-02-18 00:00:00,https://placehold.co/400x400/f59e0b/ffffff?text=Puzzle,https://scrapingsandbox.com/product/60,0,0.0,0.0,In Stock,2022-02-18,2022,2,February,Luxury,Very Good
61,Essential Spark Plug,NovaTech,Automotive,180.29,,3.4,276,1,SKU-AUT-0061,"car, accessories",High-quality essential spark plug from NovaTech. Perfect for everyday use. Features premium materials and thoughtful design. This automotive product has been carefully crafted to meet the highest standards of quality and performance.,2023-03-05 00:00:00,https://placehold.co/400x400/8b5cf6/ffffff?text=Spark,https://scrapingsandbox.com/product/61,0,0.0,0.0,In Stock,2023-03-05,2023,3,March,Luxury,Average
62,Compact Smart Watch,HomeNest,Electronics,102.16,,4.4,286,0,SKU-ELE-0062,"gadgets, digital, USB",High-quality compact smart watch from HomeNest. Perfect for everyday use. Features premium materials and thoughtful design. This electronics product has been carefully crafted to meet the highest standards of quality and performance.,2023-11-11 00:00:00,https://placehold.co/400x400/84cc16/ffffff?text=Smart,https://scrapingsandbox.com/product/62,0,0.0,0.0,Out of Stock,2023-11-11,2023,11,November,Premium,Very Good
63,Professional Watch,StyleCraft,Clothing,100.01,152.56,3.1,221,1,SKU-CLO-0063,streetwear,High-quality professional watch from StyleCraft. Perfect for everyday use. Features premium materials and thoughtful design. This clothing product has been carefully crafted to meet the highest standards of quality and performance.,2023-09-24 00:00:00,https://placehold.co/400x400/6366f1/ffffff?text=Watch,https://scrapingsandbox.com/product/63,1,52.55,34.45,In Stock,2023-09-24,2023,9,September,Premium,Average
64,Professional Thermometer,UrbanThread,Health,199.47,315.88,3.6,4,0,SKU-HEA-0064,"supplements, medical, fitness",High-quality professional thermometer from UrbanThread. Perfect for everyday use. Features premium materials and thoughtful design. This health product has been carefully crafted to meet the highest standards of quality and performance.,2023-02-06 00:00:00,https://placehold.co/400x400/8b5cf6/ffffff?text=Thermometer,https://scrapingsandbox.com/product/64,1,116.41,36.85,Out of Stock,2023-02-06,2023,2,February,Luxury,Good
65,Classic Litter Box,SparkleBox,Pet Supplies,53.01,,3.1,228,0,SKU-PET-0065,"dogs, cats, food",High-quality classic litter box from SparkleBox. Perfect for everyday use. Features premium materials and thoughtful design. This pet supplies product has been carefully crafted to meet the highest standards of quality and performance.,2023-03-22 00:00:00,https://placehold.co/400x400/f59e0b/ffffff?text=Litter,https://scrapingsandbox.com/product/65,0,0.0,0.0,Out of Stock,2023-03-22,2023,3,March,Affordable,Average
66,Vintage Trunk Organizer,StyleCraft,Automotive,182.08,231.24,3.7,198,1,SKU-AUT-0066,"maintenance, travel, safety",High-quality vintage trunk organizer from StyleCraft. Perfect for everyday use. Features premium materials and thoughtful design. This automotive product has been carefully crafted to meet the highest standards of quality and performance.,2023-03-15 00:00:00,https://placehold.co/400x400/84cc16/ffffff?text=Trunk,https://scrapingsandbox.com/product/66,1,49.16,21.26,In Stock,2023-03-15,2023,3,March,Luxury,Good
67,Lightweight Toe Ring,FitPro,Jewelry,188.36,,4.4,243,1,SKU-JEW-0067,fashion,High-quality lightweight toe ring from FitPro. Perfect for everyday use. Features premium materials and thoughtful design. This jewelry product has been carefully crafted to meet the highest standards of quality and performance.,2022-07-24 00:00:00,https://placehold.co/400x400/84cc16/ffffff?text=Toe,https://scrapingsandbox.com/product/67,0,0.0,0.0,In Stock,2022-07-24,2022,7,July,Luxury,Very Good
68,Wireless Stamp Set,GlowUp,Office Supplies,45.66,,4.5,328,1,SKU-OFF-0068,"desk, school, work",High-quality wireless stamp set from GlowUp. Perfect for everyday use. Features premium materials and thoughtful design. This office supplies product has been carefully crafted to meet the highest standards of quality and performance.,2023-10-26 00:00:00,https://placehold.co/400x400/ef4444/ffffff?text=Stamp,https://scrapingsandbox.com/product/68,0,0.0,0.0,In Stock,2023-10-26,2023,10,October,Budget,Excellent
69,Lightweight Cardigan,HomeNest,Clothing,11.02,,4.3,194,1,SKU-CLO-0069,"streetwear, casual, unisex",High-quality lightweight cardigan from HomeNest. Perfect for everyday use. Features premium materials and thoughtful design. This clothing product has been carefully crafted to meet the highest standards of quality and performance.,2023-01-10 00:00:00,https://placehold.co/400x400/f59e0b/ffffff?text=Cardigan,https://scrapingsandbox.com/product/69,0,0.0,0.0,In Stock,2023-01-10,2023,1,January,Budget,Very Good
70,Classic Moisturizer,HomeNest,Beauty,143.0,181.21,4.4,474,1,SKU-BEA-0070,cosmetics,High-quality classic moisturizer from HomeNest. Perfect for everyday use. Features premium materials and thoughtful design. This beauty product has been carefully crafted to meet the highest standards of quality and performance.,2022-06-13 00:00:00,https://placehold.co/400x400/ec4899/ffffff?text=Moisturizer,https://scrapingsandbox.com/product/70,1,38.21,21.09,In Stock,2022-06-13,2022,6,June,Premium,Very Good
71,Classic Canvas,AutoParts Pro,Art,21.25,34.51,3.6,471,1,SKU-ART-0071,"supplies, creative, drawing",High-quality classic canvas from AutoParts Pro. Perfect for everyday use. Features premium materials and thoughtful design. This art product has been carefully crafted to meet the highest standards of quality and performance.,2022-10-08 00:00:00,https://placehold.co/400x400/f59e0b/ffffff?text=Canvas,https://scrapingsandbox.com/product/71,1,13.26,38.42,In Stock,2022-10-08,2022,10,October,Budget,Good
72,Handcrafted Speaker Cable,PawPal,Music,70.07,,3.2,125,1,SKU-MUS-0072,"instruments, performance",High-quality handcrafted speaker cable from PawPal. Perfect for everyday use. Features premium materials and thoughtful design. This music product has been carefully crafted to meet the highest standards of quality and performance.,2022-02-17 00:00:00,https://placehold.co/400x400/f59e0b/ffffff?text=Speaker,https://scrapingsandbox.com/product/72,0,0.0,0.0,In Stock,2022-02-17,2022,2,February,Affordable,Average
73,Advanced Pick Set,TechVault,Music,128.87,,4.2,182,1,SKU-MUS-0073,audio,High-quality advanced pick set from TechVault. Perfect for everyday use. Features premium materials and thoughtful design. This music product has been carefully crafted to meet the highest standards of quality and performance.,2023-07-10 00:00:00,https://placehold.co/400x400/ef4444/ffffff?text=Pick,https://scrapingsandbox.com/product/73,0,0.0,0.0,In Stock,2023-07-10,2023,7,July,Premium,Very Good
74,Lightweight Tuner,VitalLife,Music,148.14,237.51,3.4,74,0,SKU-MUS-0074,"instruments, audio, recording",High-quality lightweight tuner from VitalLife. Perfect for everyday use. Features premium materials and thoughtful design. This music product has been carefully crafted to meet the highest standards of quality and performance.,2022-01-07 00:00:00,https://placehold.co/400x400/ec4899/ffffff?text=Tuner,https://scrapingsandbox.com/product/74,1,89.37,37.63,Out of Stock,2022-01-07,2022,1,January,Premium,Average
75,Limited Edition File Folder,ProGear,Office Supplies,55.52,75.48,4.4,265,1,SKU-OFF-0075,"organization, school, work",High-quality limited edition file folder from ProGear. Perfect for everyday use. Features premium materials and thoughtful design. This office supplies product has been carefully crafted to meet the highest standards of quality and performance.,2023-11-01 00:00:00,https://placehold.co/400x400/ef4444/ffffff?text=File,https://scrapingsandbox.com/product/75,1,19.96,26.44,In Stock,2023-11-01,2023,11,November,Affordable,Very Good
76,Lightweight Socks Pack,PawPal,Clothing,187.14,,3.7,458,0,SKU-CLO-0076,"apparel, casual",High-quality lightweight socks pack from PawPal. Perfect for everyday use. Features premium materials and thoughtful design. This clothing product has been carefully crafted to meet the highest standards of quality and performance.,2023-07-29 00:00:00,https://placehold.co/400x400/3b82f6/ffffff?text=Socks,https://scrapingsandbox.com/product/76,0,0.0,0.0,Out of Stock,2023-07-29,2023,7,July,Luxury,Good
77,Modern Coffee Beans,DeskMate,Food & Beverage,6.22,7.76,4.3,174,1,SKU-FOO-0077,"organic, gourmet, drinks",High-quality modern coffee beans from DeskMate. Perfect for everyday use. Features premium materials and thoughtful design. This food & beverage product has been carefully crafted to meet the highest standards of quality and performance.,2023-12-17 00:00:00,https://placehold.co/400x400/ec4899/ffffff?text=Coffee,https://scrapingsandbox.com/product/77,1,1.54,19.85,In Stock,2023-12-17,2023,12,December,Budget,Very Good
78,Wireless Car Vacuum,PawPal,Automotive,42.41,,4.8,143,1,SKU-AUT-0078,car,High-quality wireless car vacuum from PawPal. Perfect for everyday use. Features premium materials and thoughtful design. This automotive product has been carefully crafted to meet the highest standards of quality and performance.,2023-09-08 00:00:00,https://placehold.co/400x400/ef4444/ffffff?text=Car,https://scrapingsandbox.com/product/78,0,0.0,0.0,In Stock,2023-09-08,2023,9,September,Budget,Excellent
79,Classic Pill Organizer,SoundWave,Health,141.59,187.55,4.8,210,1,SKU-HEA-0079,"supplements, fitness",High-quality classic pill organizer from SoundWave. Perfect for everyday use. Features premium materials and thoughtful design. This health product has been carefully crafted to meet the highest standards of quality and performance.,2022-04-29 00:00:00,https://placehold.co/400x400/10b981/ffffff?text=Pill,https://scrapingsandbox.com/product/79,1,45.96,24.51,In Stock,2022-04-29,2022,4,April,Premium,Excellent
80,Portable Planner,VitalLife,Books,16.64,,3.5,73,1,SKU-BOO-0080,"reading, bestseller, paperback",High-quality portable planner from VitalLife. Perfect for everyday use. Features premium materials and thoughtful design. This books product has been carefully crafted to meet the highest standards of quality and performance.,2023-05-30 00:00:00,https://placehold.co/400x400/8b5cf6/ffffff?text=Planner,https://scrapingsandbox.com/product/80,0,0.0,0.0,In Stock,2023-05-30,2023,5,May,Budget,Good
81,Eco-Friendly Blood Pressure Monitor,AutoParts Pro,Health,115.64,,3.8,499,1,SKU-HEA-0081,"wellness, supplements, medical",High-quality eco-friendly blood pressure monitor from AutoParts Pro. Perfect for everyday use. Features premium materials and thoughtful design. This health product has been carefully crafted to meet the highest standards of quality and performance.,2022-12-12 00:00:00,https://placehold.co/400x400/8b5cf6/ffffff?text=Blood,https://scrapingsandbox.com/product/81,0,0.0,0.0,In Stock,2022-12-12,2022,12,December,Premium,Good
82,Portable Sneakers,PlayZone,Clothing,24.83,,3.5,46,1,SKU-CLO-0082,"apparel, unisex",High-quality portable sneakers from PlayZone. Perfect for everyday use. Features premium materials and thoughtful design. This clothing product has been carefully crafted to meet the highest standards of quality and performance.,2022-09-21 00:00:00,https://placehold.co/400x400/3b82f6/ffffff?text=Sneakers,https://scrapingsandbox.com/product/82,0,0.0,0.0,In Stock,2022-09-21,2022,9,September,Budget,Good
83,Ultra Locket,MindBooks,Jewelry,158.09,223.34,3.6,291,1,SKU-JEW-0083,"accessories, handmade, sterling",High-quality ultra locket from MindBooks. Perfect for everyday use. Features premium materials and thoughtful design. This jewelry product has been carefully crafted to meet the highest standards of quality and performance.,2022-10-16 00:00:00,https://placehold.co/400x400/6366f1/ffffff?text=Locket,https://scrapingsandbox.com/product/83,1,65.25,29.22,In Stock,2022-10-16,2022,10,October,Luxury,Good
84,Professional Vitamin Pack,VitalLife,Health,90.2,,4.7,29,1,SKU-HEA-0084,"medical, natural, fitness",High-quality professional vitamin pack from VitalLife. Perfect for everyday use. Features premium materials and thoughtful design. This health product has been carefully crafted to meet the highest standards of quality and performance.,2023-03-19 00:00:00,https://placehold.co/400x400/6366f1/ffffff?text=Vitamin,https://scrapingsandbox.com/product/84,0,0.0,0.0,In Stock,2023-03-19,2023,3,March,Affordable,Excellent
85,Ultra First Aid Kit,PlayZone,Health,56.04,90.93,3.3,269,1,SKU-HEA-0085,wellness,High-quality ultra first aid kit from PlayZone. Perfect for everyday use. Features premium materials and thoughtful design. This health product has been carefully crafted to meet the highest standards of quality and performance.,2022-11-14 00:00:00,https://placehold.co/400x400/3b82f6/ffffff?text=First,https://scrapingsandbox.com/product/85,1,34.89,38.37,In Stock,2022-11-14,2022,11,November,Affordable,Average
86,Vintage Highlighters,MindBooks,Office Supplies,195.45,,4.2,167,1,SKU-OFF-0086,"stationery, desk, organization",High-quality vintage highlighters from MindBooks. Perfect for everyday use. Features premium materials and thoughtful design. This office supplies product has been carefully crafted to meet the highest standards of quality and performance.,2023-02-27 00:00:00,https://placehold.co/400x400/ef4444/ffffff?text=Highlighters,https://scrapingsandbox.com/product/86,0,0.0,0.0,In Stock,2023-02-27,2023,2,February,Luxury,Very Good
87,Pro Headphones,TechVault,Music,86.34,,3.6,191,1,SKU-MUS-0087,"instruments, performance",High-quality pro headphones from TechVault. Perfect for everyday use. Features premium materials and thoughtful design. This music product has been carefully crafted to meet the highest standards of quality and performance.,2022-09-20 00:00:00,https://placehold.co/400x400/8b5cf6/ffffff?text=Headphones,https://scrapingsandbox.com/product/87,0,0.0,0.0,In Stock,2022-09-20,2022,9,September,Affordable,Good
88,Organic Clock,ProGear,Home & Garden,90.92,144.05,4.2,72,1,SKU-HOM-0088,"decor, kitchen, living room",High-quality organic clock from ProGear. Perfect for everyday use. Features premium materials and thoughtful design. This home & garden product has been carefully crafted to meet the highest standards of quality and performance.,2022-02-18 00:00:00,https://placehold.co/400x400/f59e0b/ffffff?text=Clock,https://scrapingsandbox.com/product/88,1,53.13,36.88,In Stock,2022-02-18,2022,2,February,Affordable,Very Good
89,Wireless Smart Watch,AutoParts Pro,Electronics,27.3,,4.8,102,0,SKU-ELE-0089,"tech, gadgets, digital",High-quality wireless smart watch from AutoParts Pro. Perfect for everyday use. Features premium materials and thoughtful design. This electronics product has been carefully crafted to meet the highest standards of quality and performance.,2022-08-21 00:00:00,https://placehold.co/400x400/ec4899/ffffff?text=Smart,https://scrapingsandbox.com/product/89,0,0.0,0.0,Out of Stock,2022-08-21,2022,8,August,Budget,Excellent
90,Wireless Headphones,ProGear,Music,125.33,,3.0,475,1,SKU-MUS-0090,"instruments, audio, recording",High-quality wireless headphones from ProGear. Perfect for everyday use. Features premium materials and thoughtful design. This music product has been carefully crafted to meet the highest standards of quality and performance.,2023-08-19 00:00:00,https://placehold.co/400x400/ec4899/ffffff?text=Headphones,https://scrapingsandbox.com/product/90,0,0.0,0.0,In Stock,2023-08-19,2023,8,August,Premium,Average
91,Premium Seat Cover,UrbanThread,Automotive,14.0,,3.5,119,1,SKU-AUT-0091,"accessories, maintenance, travel",High-quality premium seat cover from UrbanThread. Perfect for everyday use. Features premium materials and thoughtful design. This automotive product has been carefully crafted to meet the highest standards of quality and performance.,2022-02-09 00:00:00,https://placehold.co/400x400/6366f1/ffffff?text=Seat,https://scrapingsandbox.com/product/91,0,0.0,0.0,In Stock,2022-02-09,2022,2,February,Budget,Good
92,Advanced Napkin Holder,SoundWave,Home & Garden,170.01,285.17,4.0,253,1,SKU-HOM-0092,"decor, kitchen, living room",High-quality advanced napkin holder from SoundWave. Perfect for everyday use. Features premium materials and thoughtful design. This home & garden product has been carefully crafted to meet the highest standards of quality and performance.,2022-12-28 00:00:00,https://placehold.co/400x400/f97316/ffffff?text=Napkin,https://scrapingsandbox.com/product/92,1,115.16,40.38,In Stock,2022-12-28,2022,12,December,Luxury,Very Good
93,Lightweight Battery,AutoParts Pro,Automotive,93.48,,4.1,36,1,SKU-AUT-0093,"car, maintenance, travel",High-quality lightweight battery from AutoParts Pro. Perfect for everyday use. Features premium materials and thoughtful design. This automotive product has been carefully crafted to meet the highest standards of quality and performance.,2023-01-03 00:00:00,https://placehold.co/400x400/8b5cf6/ffffff?text=Battery,https://scrapingsandbox.com/product/93,0,0.0,0.0,In Stock,2023-01-03,2023,1,January,Affordable,Very Good
94,Compact Joggers,SoundWave,Clothing,35.16,,4.8,388,1,SKU-CLO-0094,"streetwear, casual, unisex",High-quality compact joggers from SoundWave. Perfect for everyday use. Features premium materials and thoughtful design. This clothing product has been carefully crafted to meet the highest standards of quality and performance.,2023-09-26 00:00:00,https://placehold.co/400x400/10b981/ffffff?text=Joggers,https://scrapingsandbox.com/product/94,0,0.0,0.0,In Stock,2023-09-26,2023,9,September,Budget,Excellent
95,Heavy-Duty Olive Oil,ProGear,Food & Beverage,152.94,205.52,3.1,326,0,SKU-FOO-0095,"organic, gourmet, snacks",High-quality heavy-duty olive oil from ProGear. Perfect for everyday use. Features premium materials and thoughtful design. This food & beverage product has been carefully crafted to meet the highest standards of quality and performance.,2022-04-13 00:00:00,https://placehold.co/400x400/ef4444/ffffff?text=Olive,https://scrapingsandbox.com/product/95,1,52.58,25.58,Out of Stock,2022-04-13,2022,4,April,Luxury,Average
96,Smart Bracelet,SoundWave,Jewelry,151.07,,4.3,83,1,SKU-JEW-0096,luxury,High-quality smart bracelet from SoundWave. Perfect for everyday use. Features premium materials and thoughtful design. This jewelry product has been carefully crafted to meet the highest standards of quality and performance.,2023-07-08 00:00:00,https://placehold.co/400x400/8b5cf6/ffffff?text=Bracelet,https://scrapingsandbox.com/product/96,0,0.0,0.0,In Stock,2023-07-08,2023,7,July,Luxury,Very Good
97,Deluxe Wiper Blade,UrbanThread,Automotive,121.64,,4.8,362,1,SKU-AUT-0097,"car, accessories, maintenance",High-quality deluxe wiper blade from UrbanThread. Perfect for everyday use. Features premium materials and thoughtful design. This automotive product has been carefully crafted to meet the highest standards of quality and performance.,2023-08-21 00:00:00,https://placehold.co/400x400/10b981/ffffff?text=Wiper,https://scrapingsandbox.com/product/97,0,0.0,0.0,In Stock,2023-08-21,2023,8,August,Premium,Excellent
98,Modern Popcorn Pack,DeskMate,Food & Beverage,147.51,,3.7,302,1,SKU-FOO-0098,"gourmet, drinks, artisan",High-quality modern popcorn pack from DeskMate. Perfect for everyday use. Features premium materials and thoughtful design. This food & beverage product has been carefully crafted to meet the highest standards of quality and performance.,2023-04-18 00:00:00,https://placehold.co/400x400/3b82f6/ffffff?text=Popcorn,https://scrapingsandbox.com/product/98,0,0.0,0.0,In Stock,2023-04-18,2023,4,April,Premium,Good
99,Advanced Iron Supplement,PageTurner,Health,146.78,,3.8,472,1,SKU-HEA-0099,"wellness, supplements, fitness",High-quality advanced iron supplement from PageTurner. Perfect for everyday use. Features premium materials and thoughtful design. This health product has been carefully crafted to meet the highest standards of quality and performance.,2022-03-18 00:00:00,https://placehold.co/400x400/f59e0b/ffffff?text=Iron,https://scrapingsandbox.com/product/99,0,0.0,0.0,In Stock,2022-03-18,2022,3,March,Premium,Good
100,Eco-Friendly Bangle,NovaTech,Jewelry,51.11,,4.3,283,1,SKU-JEW-0100,"luxury, handmade, sterling",High-quality eco-friendly bangle from NovaTech. Perfect for everyday use. Features premium materials and thoughtful design. This jewelry product has been carefully crafted to meet the highest standards of quality and performance.,2022-03-21 00:00:00,https://placehold.co/400x400/06b6d4/ffffff?text=Bangle,https://scrapingsandbox.com/product/100,0,0.0,0.0,In Stock,2022-03-21,2022,3,March,Affordable,Very Good
101,Essential Sunglasses,FitPro,Clothing,144.83,,3.2,158,1,SKU-CLO-0101,"streetwear, casual",High-quality essential sunglasses from FitPro. Perfect for everyday use. Features premium materials and thoughtful design. This clothing product has been carefully crafted to meet the highest standards of quality and performance.,2023-05-06 00:00:00,https://placehold.co/400x400/8b5cf6/ffffff?text=Sunglasses,https://scrapingsandbox.com/product/101,0,0.0,0.0,In Stock,2023-05-06,2023,5,May,Premium,Average
102,Heavy-Duty Vinyl Record,TechVault,Music,194.89,273.23,3.4,336,1,SKU-MUS-0102,"instruments, recording",High-quality heavy-duty vinyl record from TechVault. Perfect for everyday use. Features premium materials and thoughtful design. This music product has been carefully crafted to meet the highest standards of quality and performance.,2023-03-06 00:00:00,https://placehold.co/400x400/3b82f6/ffffff?text=Vinyl,https://scrapingsandbox.com/product/102,1,78.34,28.67,In Stock,2023-03-06,2023,3,March,Luxury,Average
103,Smart Storage Basket,TasteBud,Home & Garden,7.55,,4.9,282,1,SKU-HOM-0103,"garden, cozy",High-quality smart storage basket from TasteBud. Perfect for everyday use. Features premium materials and thoughtful design. This home & garden product has been carefully crafted to meet the highest standards of quality and performance.,2023-10-23 00:00:00,https://placehold.co/400x400/ec4899/ffffff?text=Storage,https://scrapingsandbox.com/product/103,0,0.0,0.0,In Stock,2023-10-23,2023,10,October,Budget,Excellent
104,Modern Puzzle Set,VitalLife,Toys,146.64,185.84,3.6,170,1,SKU-TOY-0104,"fun, educational, creative",High-quality modern puzzle set from VitalLife. Perfect for everyday use. Features premium materials and thoughtful design. This toys product has been carefully crafted to meet the highest standards of quality and performance.,2022-04-16 00:00:00,https://placehold.co/400x400/ec4899/ffffff?text=Puzzle,https://scrapingsandbox.com/product/104,1,39.2,21.09,In Stock,2022-04-16,2022,4,April,Premium,Good
105,Smart Scarf,MindBooks,Clothing,109.34,,3.1,165,1,SKU-CLO-0105,"streetwear, unisex",High-quality smart scarf from MindBooks. Perfect for everyday use. Features premium materials and thoughtful design. This clothing product has been carefully crafted to meet the highest standards of quality and performance.,2023-03-30 00:00:00,https://placehold.co/400x400/ec4899/ffffff?text=Scarf,https://scrapingsandbox.com/product/105,0,0.0,0.0,In Stock,2023-03-30,2023,3,March,Premium,Average
106,Vintage Collar,GlowUp,Pet Supplies,181.46,,3.3,325,1,SKU-PET-0106,"dogs, pets, food",High-quality vintage collar from GlowUp. Perfect for everyday use. Features premium materials and thoughtful design. This pet supplies product has been carefully crafted to meet the highest standards of quality and performance.,2023-04-28 00:00:00,https://placehold.co/400x400/f97316/ffffff?text=Collar,https://scrapingsandbox.com/product/106,0,0.0,0.0,In Stock,2023-04-28,2023,4,April,Luxury,Average
107,Compact Sneakers,CozyCorner,Clothing,74.48,,4.5,59,1,SKU-CLO-0107,"fashion, streetwear, casual",High-quality compact sneakers from CozyCorner. Perfect for everyday use. Features premium materials and thoughtful design. This clothing product has been carefully crafted to meet the highest standards of quality and performance.,2022-08-08 00:00:00,https://placehold.co/400x400/f59e0b/ffffff?text=Sneakers,https://scrapingsandbox.com/product/107,0,0.0,0.0,In Stock,2022-08-08,2022,8,August,Affordable,Excellent
108,Deluxe Shorts,AutoParts Pro,Clothing,192.23,,3.3,188,1,SKU-CLO-0108,"apparel, streetwear, casual",High-quality deluxe shorts from AutoParts Pro. Perfect for everyday use. Features premium materials and thoughtful design. This clothing product has been carefully crafted to meet the highest standards of quality and performance.,2022-10-12 00:00:00,https://placehold.co/400x400/6366f1/ffffff?text=Shorts,https://scrapingsandbox.com/product/108,0,0.0,0.0,In Stock,2022-10-12,2022,10,October,Luxury,Average
109,Portable Sweatband,ProGear,Sports,35.04,,4.5,205,1,SKU-SPO-0109,workout,High-quality portable sweatband from ProGear. Perfect for everyday use. Features premium materials and thoughtful design. This sports product has been carefully crafted to meet the highest standards of quality and performance.,2023-05-23 00:00:00,https://placehold.co/400x400/ec4899/ffffff?text=Sweatband,https://scrapingsandbox.com/product/109,0,0.0,0.0,In Stock,2023-05-23,2023,5,May,Budget,Excellent
110,Classic Tennis Balls,UrbanThread,Sports,83.72,,4.8,96,1,SKU-SPO-0110,"fitness, workout, outdoor",High-quality classic tennis balls from UrbanThread. Perfect for everyday use. Features premium materials and thoughtful design. This sports product has been carefully crafted to meet the highest standards of quality and performance.,2023-01-11 00:00:00,https://placehold.co/400x400/f97316/ffffff?text=Tennis,https://scrapingsandbox.com/product/110,0,0.0,0.0,In Stock,2023-01-11,2023,1,January,Affordable,Excellent
111,Smart Pop Filter,CozyCorner,Music,43.29,,3.3,215,1,SKU-MUS-0111,"instruments, audio, accessories",High-quality smart pop filter from CozyCorner. Perfect for everyday use. Features premium materials and thoughtful design. This music product has been carefully crafted to meet the highest standards of quality and performance.,2023-04-27 00:00:00,https://placehold.co/400x400/ef4444/ffffff?text=Pop,https://scrapingsandbox.com/product/111,0,0.0,0.0,In Stock,2023-04-27,2023,4,April,Budget,Average
112,Advanced Strap,CozyCorner,Music,94.54,,4.6,358,1,SKU-MUS-0112,"instruments, performance",High-quality advanced strap from CozyCorner. Perfect for everyday use. Features premium materials and thoughtful design. This music product has been carefully crafted to meet the highest standards of quality and performance.,2022-02-18 00:00:00,https://placehold.co/400x400/06b6d4/ffffff?text=Strap,https://scrapingsandbox.com/product/112,0,0.0,0.0,In Stock,2022-02-18,2022,2,February,Affordable,Excellent
113,Deluxe Ab Wheel,PawPal,Sports,36.47,,4.7,251,1,SKU-SPO-0113,"fitness, workout",High-quality deluxe ab wheel from PawPal. Perfect for everyday use. Features premium materials and thoughtful design. This sports product has been carefully crafted to meet the highest standards of quality and performance.,2022-07-07 00:00:00,https://placehold.co/400x400/ef4444/ffffff?text=Ab,https://scrapingsandbox.com/product/113,0,0.0,0.0,In Stock,2022-07-07,2022,7,July,Budget,Excellent
114,Smart Capo,PageTurner,Music,107.29,,4.4,276,1,SKU-MUS-0114,"instruments, recording, accessories",High-quality smart capo from PageTurner. Perfect for everyday use. Features premium materials and thoughtful design. This music product has been carefully crafted to meet the highest standards of quality and performance.,2022-09-06 00:00:00,https://placehold.co/400x400/84cc16/ffffff?text=Capo,https://scrapingsandbox.com/product/114,0,0.0,0.0,In Stock,2022-09-06,2022,9,September,Premium,Very Good
115,Handcrafted Paper Clips,GlowUp,Office Supplies,155.36,,3.7,216,1,SKU-OFF-0115,"desk, school, work",High-quality handcrafted paper clips from GlowUp. Perfect for everyday use. Features premium materials and thoughtful design. This office supplies product has been carefully crafted to meet the highest standards of quality and performance.,2023-03-06 00:00:00,https://placehold.co/400x400/84cc16/ffffff?text=Paper,https://scrapingsandbox.com/product/115,0,0.0,0.0,In Stock,2023-03-06,2023,3,March,Luxury,Good
116,Eco-Friendly Tape Dispenser,AutoParts Pro,Office Supplies,105.07,129.33,4.2,109,1,SKU-OFF-0116,"desk, school",High-quality eco-friendly tape dispenser from AutoParts Pro. Perfect for everyday use. Features premium materials and thoughtful design. This office supplies product has been carefully crafted to meet the highest standards of quality and performance.,2023-04-20 00:00:00,https://placehold.co/400x400/6366f1/ffffff?text=Tape,https://scrapingsandbox.com/product/116,1,24.26,18.76,In Stock,2023-04-20,2023,4,April,Premium,Very Good
117,Eco-Friendly Thermometer,SparkleBox,Health,62.03,,4.6,234,1,SKU-HEA-0117,"wellness, supplements, medical",High-quality eco-friendly thermometer from SparkleBox. Perfect for everyday use. Features premium materials and thoughtful design. This health product has been carefully crafted to meet the highest standards of quality and performance.,2022-10-01 00:00:00,https://placehold.co/400x400/06b6d4/ffffff?text=Thermometer,https://scrapingsandbox.com/product/117,0,0.0,0.0,In Stock,2022-10-01,2022,10,October,Affordable,Excellent
118,Essential Stud Earrings,FitPro,Jewelry,105.39,,4.6,278,1,SKU-JEW-0118,"accessories, handmade, sterling",High-quality essential stud earrings from FitPro. Perfect for everyday use. Features premium materials and thoughtful design. This jewelry product has been carefully crafted to meet the highest standards of quality and performance.,2022-08-29 00:00:00,https://placehold.co/400x400/ec4899/ffffff?text=Stud,https://scrapingsandbox.com/product/118,0,0.0,0.0,In Stock,2022-08-29,2022,8,August,Premium,Excellent
119,Lightweight Protein Powder,VitalLife,Health,119.4,,3.9,417,1,SKU-HEA-0119,"supplements, fitness",High-quality lightweight protein powder from VitalLife. Perfect for everyday use. Features premium materials and thoughtful design. This health product has been carefully crafted to meet the highest standards of quality and performance.,2023-04-02 00:00:00,https://placehold.co/400x400/f97316/ffffff?text=Protein,https://scrapingsandbox.com/product/119,0,0.0,0.0,In Stock,2023-04-02,2023,4,April,Premium,Good
120,Smart Cardigan,TasteBud,Clothing,28.73,,5.0,263,1,SKU-CLO-0120,"fashion, streetwear, casual",High-quality smart cardigan from TasteBud. Perfect for everyday use. Features premium materials and thoughtful design. This clothing product has been carefully crafted to meet the highest standards of quality and performance.,2022-08-09 00:00:00,https://placehold.co/400x400/ec4899/ffffff?text=Cardigan,https://scrapingsandbox.com/product/120,0,0.0,0.0,In Stock,2022-08-09,2022,8,August,Budget,Excellent
121,Organic Mug Set,VitalLife,Home & Garden,150.77,,4.2,161,1,SKU-HOM-0121,kitchen,High-quality organic mug set from VitalLife. Perfect for everyday use. Features premium materials and thoughtful design. This home & garden product has been carefully crafted to meet the highest standards of quality and performance.,2023-04-20 00:00:00,https://placehold.co/400x400/84cc16/ffffff?text=Mug,https://scrapingsandbox.com/product/121,0,0.0,0.0,In Stock,2023-04-20,2023,4,April,Luxury,Very Good
122,Advanced Catnip,GlowUp,Pet Supplies,183.75,254.78,4.8,137,1,SKU-PET-0122,dogs,High-quality advanced catnip from GlowUp. Perfect for everyday use. Features premium materials and thoughtful design. This pet supplies product has been carefully crafted to meet the highest standards of quality and performance.,2023-06-14 00:00:00,https://placehold.co/400x400/f59e0b/ffffff?text=Catnip,https://scrapingsandbox.com/product/122,1,71.03,27.88,In Stock,2023-06-14,2023,6,June,Luxury,Excellent
123,Handcrafted Business Book,StyleCraft,Books,203.17,306.75,4.9,499,1,SKU-BOO-0123,"reading, literature, education",High-quality handcrafted business book from StyleCraft. Perfect for everyday use. Features premium materials and thoughtful design. This books product has been carefully crafted to meet the highest standards of quality and performance.,2023-10-26 00:00:00,https://placehold.co/400x400/84cc16/ffffff?text=Business,https://scrapingsandbox.com/product/123,1,103.58,33.77,In Stock,2023-10-26,2023,10,October,Luxury,Excellent
124,Ultra Train Set,TasteBud,Toys,143.16,,4.1,318,1,SKU-TOY-0124,"games, educational",High-quality ultra train set from TasteBud. Perfect for everyday use. Features premium materials and thoughtful design. This toys product has been carefully crafted to meet the highest standards of quality and performance.,2022-04-24 00:00:00,https://placehold.co/400x400/8b5cf6/ffffff?text=Train,https://scrapingsandbox.com/product/124,0,0.0,0.0,In Stock,2022-04-24,2022,4,April,Premium,Very Good
125,Advanced Brooch,DeskMate,Jewelry,177.99,,4.1,322,1,SKU-JEW-0125,"accessories, luxury",High-quality advanced brooch from DeskMate. Perfect for everyday use. Features premium materials and thoughtful design. This jewelry product has been carefully crafted to meet the highest standards of quality and performance.,2023-08-30 00:00:00,https://placehold.co/400x400/10b981/ffffff?text=Brooch,https://scrapingsandbox.com/product/125,0,0.0,0.0,In Stock,2023-08-30,2023,8,August,Luxury,Very Good
126,Classic Wall Art,ProGear,Home & Garden,154.5,,4.8,144,1,SKU-HOM-0126,"living room, garden",High-quality classic wall art from ProGear. Perfect for everyday use. Features premium materials and thoughtful design. This home & garden product has been carefully crafted to meet the highest standards of quality and performance.,2022-10-20 00:00:00,https://placehold.co/400x400/84cc16/ffffff?text=Wall,https://scrapingsandbox.com/product/126,0,0.0,0.0,In Stock,2022-10-20,2022,10,October,Luxury,Excellent
127,Premium Mystery Novel,MindBooks,Books,26.81,44.09,4.6,298,1,SKU-BOO-0127,"reading, education",High-quality premium mystery novel from MindBooks. Perfect for everyday use. Features premium materials and thoughtful design. This books product has been carefully crafted to meet the highest standards of quality and performance.,2023-03-03 00:00:00,https://placehold.co/400x400/f59e0b/ffffff?text=Mystery,https://scrapingsandbox.com/product/127,1,17.28,39.19,In Stock,2023-03-03,2023,3,March,Budget,Excellent
128,Eco-Friendly Flannel Shirt,ProGear,Clothing,75.16,,4.4,83,1,SKU-CLO-0128,"fashion, streetwear, casual",High-quality eco-friendly flannel shirt from ProGear. Perfect for everyday use. Features premium materials and thoughtful design. This clothing product has been carefully crafted to meet the highest standards of quality and performance.,2023-10-05 00:00:00,https://placehold.co/400x400/06b6d4/ffffff?text=Flannel,https://scrapingsandbox.com/product/128,0,0.0,0.0,In Stock,2023-10-05,2023,10,October,Affordable,Very Good
129,Lightweight Ice Pack,MindBooks,Health,191.92,317.09,3.4,337,1,SKU-HEA-0129,"wellness, medical, natural",High-quality lightweight ice pack from MindBooks. Perfect for everyday use. Features premium materials and thoughtful design. This health product has been carefully crafted to meet the highest standards of quality and performance.,2022-10-23 00:00:00,https://placehold.co/400x400/84cc16/ffffff?text=Ice,https://scrapingsandbox.com/product/129,1,125.17,39.47,In Stock,2022-10-23,2022,10,October,Luxury,Average
130,Portable Bubble Machine,CozyCorner,Toys,59.9,99.82,3.9,153,0,SKU-TOY-0130,creative,High-quality portable bubble machine from CozyCorner. Perfect for everyday use. Features premium materials and thoughtful design. This toys product has been carefully crafted to meet the highest standards of quality and performance.,2022-12-07 00:00:00,https://placehold.co/400x400/f59e0b/ffffff?text=Bubble,https://scrapingsandbox.com/product/130,1,39.92,39.99,Out of Stock,2022-12-07,2022,12,December,Affordable,Good
131,Lightweight Hand Cream,HomeNest,Beauty,188.36,286.26,4.4,337,1,SKU-BEA-0131,vegan,High-quality lightweight hand cream from HomeNest. Perfect for everyday use. Features premium materials and thoughtful design. This beauty product has been carefully crafted to meet the highest standards of quality and performance.,2022-10-04 00:00:00,https://placehold.co/400x400/06b6d4/ffffff?text=Hand,https://scrapingsandbox.com/product/131,1,97.9,34.2,In Stock,2022-10-04,2022,10,October,Luxury,Very Good
132,Classic Capo,VitalLife,Music,105.87,,4.3,253,1,SKU-MUS-0132,instruments,High-quality classic capo from VitalLife. Perfect for everyday use. Features premium materials and thoughtful design. This music product has been carefully crafted to meet the highest standards of quality and performance.,2023-02-13 00:00:00,https://placehold.co/400x400/3b82f6/ffffff?text=Capo,https://scrapingsandbox.com/product/132,0,0.0,0.0,In Stock,2023-02-13,2023,2,February,Premium,Very Good
133,Professional Car Charger,StyleCraft,Automotive,27.68,33.92,4.3,8,1,SKU-AUT-0133,"travel, safety",High-quality professional car charger from StyleCraft. Perfect for everyday use. Features premium materials and thoughtful design. This automotive product has been carefully crafted to meet the highest standards of quality and performance.,2023-04-13 00:00:00,https://placehold.co/400x400/ef4444/ffffff?text=Car,https://scrapingsandbox.com/product/133,1,6.24,18.4,In Stock,2023-04-13,2023,4,April,Budget,Very Good
134,Eco-Friendly Sunscreen,AutoParts Pro,Beauty,141.25,185.59,4.6,264,1,SKU-BEA-0134,organic,High-quality eco-friendly sunscreen from AutoParts Pro. Perfect for everyday use. Features premium materials and thoughtful design. This beauty product has been carefully crafted to meet the highest standards of quality and performance.,2022-05-26 00:00:00,https://placehold.co/400x400/3b82f6/ffffff?text=Sunscreen,https://scrapingsandbox.com/product/134,1,44.34,23.89,In Stock,2022-05-26,2022,5,May,Premium,Excellent
135,Portable Chain,SparkleBox,Jewelry,141.26,,4.7,387,1,SKU-JEW-0135,"accessories, luxury, handmade",High-quality portable chain from SparkleBox. Perfect for everyday use. Features premium materials and thoughtful design. This jewelry product has been carefully crafted to meet the highest standards of quality and performance.,2023-05-27 00:00:00,https://placehold.co/400x400/3b82f6/ffffff?text=Chain,https://scrapingsandbox.com/product/135,0,0.0,0.0,In Stock,2023-05-27,2023,5,May,Premium,Excellent
136,Advanced Watch,FitPro,Clothing,69.96,,4.3,224,0,SKU-CLO-0136,"fashion, apparel, casual",High-quality advanced watch from FitPro. Perfect for everyday use. Features premium materials and thoughtful design. This clothing product has been carefully crafted to meet the highest standards of quality and performance.,2023-04-20 00:00:00,https://placehold.co/400x400/f97316/ffffff?text=Watch,https://scrapingsandbox.com/product/136,0,0.0,0.0,Out of Stock,2023-04-20,2023,4,April,Affordable,Very Good
137,Modern Stamp Set,PageTurner,Office Supplies,55.31,,4.4,201,0,SKU-OFF-0137,"stationery, desk, organization",High-quality modern stamp set from PageTurner. Perfect for everyday use. Features premium materials and thoughtful design. This office supplies product has been carefully crafted to meet the highest standards of quality and performance.,2023-05-16 00:00:00,https://placehold.co/400x400/f97316/ffffff?text=Stamp,https://scrapingsandbox.com/product/137,0,0.0,0.0,Out of Stock,2023-05-16,2023,5,May,Affordable,Very Good
138,Limited Edition Pick Set,MindBooks,Music,10.84,,4.7,41,1,SKU-MUS-0138,"accessories, performance",High-quality limited edition pick set from MindBooks. Perfect for everyday use. Features premium materials and thoughtful design. This music product has been carefully crafted to meet the highest standards of quality and performance.,2022-06-09 00:00:00,https://placehold.co/400x400/10b981/ffffff?text=Pick,https://scrapingsandbox.com/product/138,0,0.0,0.0,In Stock,2022-06-09,2022,6,June,Budget,Excellent
139,Ultra Slime Kit,GlowUp,Toys,110.41,181.73,3.9,177,1,SKU-TOY-0139,kids,High-quality ultra slime kit from GlowUp. Perfect for everyday use. Features premium materials and thoughtful design. This toys product has been carefully crafted to meet the highest standards of quality and performance.,2023-07-04 00:00:00,https://placehold.co/400x400/f59e0b/ffffff?text=Slime,https://scrapingsandbox.com/product/139,1,71.32,39.25,In Stock,2023-07-04,2023,7,July,Premium,Good
140,Portable Essential Oil,NovaTech,Health,192.76,,3.5,86,1,SKU-HEA-0140,"wellness, supplements",High-quality portable essential oil from NovaTech. Perfect for everyday use. Features premium materials and thoughtful design. This health product has been carefully crafted to meet the highest standards of quality and performance.,2022-04-13 00:00:00,https://placehold.co/400x400/ef4444/ffffff?text=Essential,https://scrapingsandbox.com/product/140,0,0.0,0.0,In Stock,2022-04-13,2022,4,April,Luxury,Good
141,Limited Edition Melatonin,GlowUp,Health,127.15,,4.9,385,1,SKU-HEA-0141,"supplements, medical, fitness",High-quality limited edition melatonin from GlowUp. Perfect for everyday use. Features premium materials and thoughtful design. This health product has been carefully crafted to meet the highest standards of quality and performance.,2022-02-24 00:00:00,https://placehold.co/400x400/ef4444/ffffff?text=Melatonin,https://scrapingsandbox.com/product/141,0,0.0,0.0,In Stock,2022-02-24,2022,2,February,Premium,Excellent
142,Organic Napkin Holder,StyleCraft,Home & Garden,161.36,238.88,4.6,26,0,SKU-HOM-0142,"decor, kitchen, living room",High-quality organic napkin holder from StyleCraft. Perfect for everyday use. Features premium materials and thoughtful design. This home & garden product has been carefully crafted to meet the highest standards of quality and performance.,2022-12-30 00:00:00,https://placehold.co/400x400/06b6d4/ffffff?text=Napkin,https://scrapingsandbox.com/product/142,1,77.52,32.45,Out of Stock,2022-12-30,2022,12,December,Luxury,Excellent
143,Heavy-Duty Belt,AutoParts Pro,Clothing,150.56,237.1,3.3,357,0,SKU-CLO-0143,apparel,High-quality heavy-duty belt from AutoParts Pro. Perfect for everyday use. Features premium materials and thoughtful design. This clothing product has been carefully crafted to meet the highest standards of quality and performance.,2023-02-26 00:00:00,https://placehold.co/400x400/f97316/ffffff?text=Belt,https://scrapingsandbox.com/product/143,1,86.54,36.5,Out of Stock,2023-02-26,2023,2,February,Luxury,Average
144,Organic Self-Help Guide,HomeNest,Books,67.62,,4.4,310,1,SKU-BOO-0144,"literature, education",High-quality organic self-help guide from HomeNest. Perfect for everyday use. Features premium materials and thoughtful design. This books product has been carefully crafted to meet the highest standards of quality and performance.,2023-03-17 00:00:00,https://placehold.co/400x400/8b5cf6/ffffff?text=Self-Help,https://scrapingsandbox.com/product/144,0,0.0,0.0,In Stock,2023-03-17,2023,3,March,Affordable,Very Good
145,Premium Stamp Set,SparkleBox,Office Supplies,193.49,,4.9,350,1,SKU-OFF-0145,"stationery, desk, school",High-quality premium stamp set from SparkleBox. Perfect for everyday use. Features premium materials and thoughtful design. This office supplies product has been carefully crafted to meet the highest standards of quality and performance.,2023-06-13 00:00:00,https://placehold.co/400x400/10b981/ffffff?text=Stamp,https://scrapingsandbox.com/product/145,0,0.0,0.0,In Stock,2023-06-13,2023,6,June,Luxury,Excellent
146,Vintage Body Chain,CozyCorner,Jewelry,126.03,,5.0,60,1,SKU-JEW-0146,"accessories, handmade, sterling",High-quality vintage body chain from CozyCorner. Perfect for everyday use. Features premium materials and thoughtful design. This jewelry product has been carefully crafted to meet the highest standards of quality and performance.,2023-04-02 00:00:00,https://placehold.co/400x400/3b82f6/ffffff?text=Body,https://scrapingsandbox.com/product/146,0,0.0,0.0,In Stock,2023-04-02,2023,4,April,Premium,Excellent
147,Deluxe LED Desk Lamp,DeskMate,Electronics,58.45,,4.7,49,1,SKU-ELE-0147,"tech, digital, wireless",High-quality deluxe led desk lamp from DeskMate. Perfect for everyday use. Features premium materials and thoughtful design. This electronics product has been carefully crafted to meet the highest standards of quality and performance.,2023-03-29 00:00:00,https://placehold.co/400x400/8b5cf6/ffffff?text=LED,https://scrapingsandbox.com/product/147,0,0.0,0.0,In Stock,2023-03-29,2023,3,March,Affordable,Excellent
148,Eco-Friendly Yoga Mat,GlowUp,Sports,68.34,105.17,4.1,75,1,SKU-SPO-0148,"fitness, workout, outdoor",High-quality eco-friendly yoga mat from GlowUp. Perfect for everyday use. Features premium materials and thoughtful design. This sports product has been carefully crafted to meet the highest standards of quality and performance.,2023-09-17 00:00:00,https://placehold.co/400x400/f97316/ffffff?text=Yoga,https://scrapingsandbox.com/product/148,1,36.83,35.02,In Stock,2023-09-17,2023,9,September,Affordable,Very Good
149,Handcrafted Building Blocks,GlowUp,Toys,153.64,255.83,4.4,198,1,SKU-TOY-0149,"games, fun",High-quality handcrafted building blocks from GlowUp. Perfect for everyday use. Features premium materials and thoughtful design. This toys product has been carefully crafted to meet the highest standards of quality and performance.,2022-04-13 00:00:00,https://placehold.co/400x400/10b981/ffffff?text=Building,https://scrapingsandbox.com/product/149,1,102.19,39.94,In Stock,2022-04-13,2022,4,April,Luxury,Very Good
150,Professional Tablet Stand,TechVault,Electronics,194.35,,3.1,450,0,SKU-ELE-0150,"tech, USB",High-quality professional tablet stand from TechVault. Perfect for everyday use. Features premium materials and thoughtful design. This electronics product has been carefully crafted to meet the highest standards of quality and performance.,2022-05-12 00:00:00,https://placehold.co/400x400/10b981/ffffff?text=Tablet,https://scrapingsandbox.com/product/150,0,0.0,0.0,Out of Stock,2022-05-12,2022,5,May,Luxury,Average
151,Vintage Beef Jerky,PageTurner,Food & Beverage,120.07,197.95,4.2,294,1,SKU-FOO-0151,"organic, gourmet, artisan",High-quality vintage beef jerky from PageTurner. Perfect for everyday use. Features premium materials and thoughtful design. This food & beverage product has been carefully crafted to meet the highest standards of quality and performance.,2023-07-25 00:00:00,https://placehold.co/400x400/3b82f6/ffffff?text=Beef,https://scrapingsandbox.com/product/151,1,77.88,39.34,In Stock,2023-07-25,2023,7,July,Premium,Very Good
152,Premium Carving Tools,HomeNest,Art,29.14,38.49,3.3,197,1,SKU-ART-0152,"supplies, drawing, crafts",High-quality premium carving tools from HomeNest. Perfect for everyday use. Features premium materials and thoughtful design. This art product has been carefully crafted to meet the highest standards of quality and performance.,2023-02-05 00:00:00,https://placehold.co/400x400/6366f1/ffffff?text=Carving,https://scrapingsandbox.com/product/152,1,9.35,24.29,In Stock,2023-02-05,2023,2,February,Budget,Average
153,Smart Aquarium Plant,PageTurner,Pet Supplies,38.06,61.1,4.7,19,1,SKU-PET-0153,"cats, grooming, food",High-quality smart aquarium plant from PageTurner. Perfect for everyday use. Features premium materials and thoughtful design. This pet supplies product has been carefully crafted to meet the highest standards of quality and performance.,2022-05-09 00:00:00,https://placehold.co/400x400/f97316/ffffff?text=Aquarium,https://scrapingsandbox.com/product/153,1,23.04,37.71,In Stock,2022-05-09,2022,5,May,Budget,Excellent
154,Handcrafted Watch,AutoParts Pro,Clothing,53.69,,4.0,306,1,SKU-CLO-0154,fashion,High-quality handcrafted watch from AutoParts Pro. Perfect for everyday use. Features premium materials and thoughtful design. This clothing product has been carefully crafted to meet the highest standards of quality and performance.,2023-04-30 00:00:00,https://placehold.co/400x400/8b5cf6/ffffff?text=Watch,https://scrapingsandbox.com/product/154,0,0.0,0.0,In Stock,2023-04-30,2023,4,April,Affordable,Very Good
155,Vintage Bird Feeder,SoundWave,Pet Supplies,88.67,108.37,4.8,121,1,SKU-PET-0155,grooming,High-quality vintage bird feeder from SoundWave. Perfect for everyday use. Features premium materials and thoughtful design. This pet supplies product has been carefully crafted to meet the highest standards of quality and performance.,2023-03-19 00:00:00,https://placehold.co/400x400/84cc16/ffffff?text=Bird,https://scrapingsandbox.com/product/155,1,19.7,18.18,In Stock,2023-03-19,2023,3,March,Affordable,Excellent
156,Organic Plant Pot,ArtisanHub,Home & Garden,117.02,,3.9,497,1,SKU-HOM-0156,"kitchen, garden",High-quality organic plant pot from ArtisanHub. Perfect for everyday use. Features premium materials and thoughtful design. This home & garden product has been carefully crafted to meet the highest standards of quality and performance.,2022-04-21 00:00:00,https://placehold.co/400x400/6366f1/ffffff?text=Plant,https://scrapingsandbox.com/product/156,0,0.0,0.0,In Stock,2022-04-21,2022,4,April,Premium,Good
157,Eco-Friendly Eye Cream,MindBooks,Beauty,123.02,,3.5,332,1,SKU-BEA-0157,"skincare, cosmetics",High-quality eco-friendly eye cream from MindBooks. Perfect for everyday use. Features premium materials and thoughtful design. This beauty product has been carefully crafted to meet the highest standards of quality and performance.,2024-01-01 00:00:00,https://placehold.co/400x400/84cc16/ffffff?text=Eye,https://scrapingsandbox.com/product/157,0,0.0,0.0,In Stock,2024-01-01,2024,1,January,Premium,Good
158,Smart Boxing Gloves,StyleCraft,Sports,96.53,163.18,3.7,228,1,SKU-SPO-0158,"fitness, gym",High-quality smart boxing gloves from StyleCraft. Perfect for everyday use. Features premium materials and thoughtful design. This sports product has been carefully crafted to meet the highest standards of quality and performance.,2023-05-13 00:00:00,https://placehold.co/400x400/f59e0b/ffffff?text=Boxing,https://scrapingsandbox.com/product/158,1,66.65,40.84,In Stock,2023-05-13,2023,5,May,Affordable,Good
159,Portable Tape Dispenser,PawPal,Office Supplies,102.6,,4.2,265,1,SKU-OFF-0159,"stationery, work",High-quality portable tape dispenser from PawPal. Perfect for everyday use. Features premium materials and thoughtful design. This office supplies product has been carefully crafted to meet the highest standards of quality and performance.,2023-02-15 00:00:00,https://placehold.co/400x400/8b5cf6/ffffff?text=Tape,https://scrapingsandbox.com/product/159,0,0.0,0.0,In Stock,2023-02-15,2023,2,February,Premium,Very Good
160,Classic Nail Polish,SparkleBox,Beauty,112.45,,3.0,25,1,SKU-BEA-0160,"cosmetics, organic",High-quality classic nail polish from SparkleBox. Perfect for everyday use. Features premium materials and thoughtful design. This beauty product has been carefully crafted to meet the highest standards of quality and performance.,2022-01-03 00:00:00,https://placehold.co/400x400/84cc16/ffffff?text=Nail,https://scrapingsandbox.com/product/160,0,0.0,0.0,In Stock,2022-01-03,2022,1,January,Premium,Average
161,Essential Mystery Novel,StyleCraft,Books,153.85,,3.6,41,1,SKU-BOO-0161,"reading, bestseller",High-quality essential mystery novel from StyleCraft. Perfect for everyday use. Features premium materials and thoughtful design. This books product has been carefully crafted to meet the highest standards of quality and performance.,2023-08-31 00:00:00,https://placehold.co/400x400/f97316/ffffff?text=Mystery,https://scrapingsandbox.com/product/161,0,0.0,0.0,In Stock,2023-08-31,2023,8,August,Luxury,Good
162,Premium Omega-3 Capsules,GlowUp,Health,201.63,,5.0,278,0,SKU-HEA-0162,"wellness, supplements, natural",High-quality premium omega-3 capsules from GlowUp. Perfect for everyday use. Features premium materials and thoughtful design. This health product has been carefully crafted to meet the highest standards of quality and performance.,2022-06-11 00:00:00,https://placehold.co/400x400/f97316/ffffff?text=Omega-3,https://scrapingsandbox.com/product/162,0,0.0,0.0,Out of Stock,2022-06-11,2022,6,June,Luxury,Excellent
163,Classic Leash,MindBooks,Pet Supplies,89.34,122.49,4.1,185,1,SKU-PET-0163,"pets, food",High-quality classic leash from MindBooks. Perfect for everyday use. Features premium materials and thoughtful design. This pet supplies product has been carefully crafted to meet the highest standards of quality and performance.,2023-11-24 00:00:00,https://placehold.co/400x400/8b5cf6/ffffff?text=Leash,https://scrapingsandbox.com/product/163,1,33.15,27.06,In Stock,2023-11-24,2023,11,November,Affordable,Very Good
164,Essential Stud Earrings,NovaTech,Jewelry,158.99,229.0,3.5,234,1,SKU-JEW-0164,luxury,High-quality essential stud earrings from NovaTech. Perfect for everyday use. Features premium materials and thoughtful design. This jewelry product has been carefully crafted to meet the highest standards of quality and performance.,2022-02-21 00:00:00,https://placehold.co/400x400/ef4444/ffffff?text=Stud,https://scrapingsandbox.com/product/164,1,70.01,30.57,In Stock,2022-02-21,2022,2,February,Luxury,Good
165,Smart Jump Rope,DeskMate,Sports,150.09,,5.0,257,1,SKU-SPO-0165,"training, gym",High-quality smart jump rope from DeskMate. Perfect for everyday use. Features premium materials and thoughtful design. This sports product has been carefully crafted to meet the highest standards of quality and performance.,2023-05-25 00:00:00,https://placehold.co/400x400/10b981/ffffff?text=Jump,https://scrapingsandbox.com/product/165,0,0.0,0.0,In Stock,2023-05-25,2023,5,May,Luxury,Excellent
166,Premium History Book,VitalLife,Books,41.46,,3.0,31,1,SKU-BOO-0166,bestseller,High-quality premium history book from VitalLife. Perfect for everyday use. Features premium materials and thoughtful design. This books product has been carefully crafted to meet the highest standards of quality and performance.,2023-04-15 00:00:00,https://placehold.co/400x400/8b5cf6/ffffff?text=History,https://scrapingsandbox.com/product/166,0,0.0,0.0,In Stock,2023-04-15,2023,4,April,Budget,Average
167,Wireless Vinyl Record,NovaTech,Music,107.79,175.94,4.1,468,1,SKU-MUS-0167,"recording, accessories",High-quality wireless vinyl record from NovaTech. Perfect for everyday use. Features premium materials and thoughtful design. This music product has been carefully crafted to meet the highest standards of quality and performance.,2023-03-18 00:00:00,https://placehold.co/400x400/ef4444/ffffff?text=Vinyl,https://scrapingsandbox.com/product/167,1,68.15,38.73,In Stock,2023-03-18,2023,3,March,Premium,Very Good
168,Advanced Food Bowl,UrbanThread,Pet Supplies,100.78,,4.4,41,1,SKU-PET-0168,"dogs, pets, grooming",High-quality advanced food bowl from UrbanThread. Perfect for everyday use. Features premium materials and thoughtful design. This pet supplies product has been carefully crafted to meet the highest standards of quality and performance.,2022-11-11 00:00:00,https://placehold.co/400x400/10b981/ffffff?text=Food,https://scrapingsandbox.com/product/168,0,0.0,0.0,In Stock,2022-11-11,2022,11,November,Premium,Very Good
169,Professional Hoop Earrings,SparkleBox,Jewelry,57.53,,4.1,274,1,SKU-JEW-0169,"luxury, handmade, sterling",High-quality professional hoop earrings from SparkleBox. Perfect for everyday use. Features premium materials and thoughtful design. This jewelry product has been carefully crafted to meet the highest standards of quality and performance.,2022-09-15 00:00:00,https://placehold.co/400x400/3b82f6/ffffff?text=Hoop,https://scrapingsandbox.com/product/169,0,0.0,0.0,In Stock,2022-09-15,2022,9,September,Affordable,Very Good
170,Smart Seat Cover,FitPro,Automotive,48.18,,3.3,205,1,SKU-AUT-0170,"car, accessories, travel",High-quality smart seat cover from FitPro. Perfect for everyday use. Features premium materials and thoughtful design. This automotive product has been carefully crafted to meet the highest standards of quality and performance.,2022-08-03 00:00:00,https://placehold.co/400x400/6366f1/ffffff?text=Seat,https://scrapingsandbox.com/product/170,0,0.0,0.0,In Stock,2022-08-03,2022,8,August,Budget,Average
171,Heavy-Duty Vinyl Record,UrbanThread,Music,68.64,,4.7,91,1,SKU-MUS-0171,"recording, accessories",High-quality heavy-duty vinyl record from UrbanThread. Perfect for everyday use. Features premium materials and thoughtful design. This music product has been carefully crafted to meet the highest standards of quality and performance.,2023-07-23 00:00:00,https://placehold.co/400x400/ef4444/ffffff?text=Vinyl,https://scrapingsandbox.com/product/171,0,0.0,0.0,In Stock,2023-07-23,2023,7,July,Affordable,Excellent
172,Vintage Pull-Up Bar,GlowUp,Sports,202.91,,4.7,441,0,SKU-SPO-0172,"outdoor, training",High-quality vintage pull-up bar from GlowUp. Perfect for everyday use. Features premium materials and thoughtful design. This sports product has been carefully crafted to meet the highest standards of quality and performance.,2023-06-17 00:00:00,https://placehold.co/400x400/6366f1/ffffff?text=Pull-Up,https://scrapingsandbox.com/product/172,0,0.0,0.0,Out of Stock,2023-06-17,2023,6,June,Luxury,Excellent
173,Portable MIDI Controller,NovaTech,Music,203.13,,3.1,267,1,SKU-MUS-0173,"instruments, recording",High-quality portable midi controller from NovaTech. Perfect for everyday use. Features premium materials and thoughtful design. This music product has been carefully crafted to meet the highest standards of quality and performance.,2022-10-31 00:00:00,https://placehold.co/400x400/ec4899/ffffff?text=MIDI,https://scrapingsandbox.com/product/173,0,0.0,0.0,In Stock,2022-10-31,2022,10,October,Luxury,Average
174,Advanced Eye Cream,PageTurner,Beauty,7.7,,4.1,151,1,SKU-BEA-0174,"skincare, cosmetics, self-care",High-quality advanced eye cream from PageTurner. Perfect for everyday use. Features premium materials and thoughtful design. This beauty product has been carefully crafted to meet the highest standards of quality and performance.,2022-11-01 00:00:00,https://placehold.co/400x400/8b5cf6/ffffff?text=Eye,https://scrapingsandbox.com/product/174,0,0.0,0.0,In Stock,2022-11-01,2022,11,November,Budget,Very Good
175,Modern Planner,ArtisanHub,Books,113.53,,4.9,4,1,SKU-BOO-0175,"reading, bestseller, paperback",High-quality modern planner from ArtisanHub. Perfect for everyday use. Features premium materials and thoughtful design. This books product has been carefully crafted to meet the highest standards of quality and performance.,2022-03-15 00:00:00,https://placehold.co/400x400/f59e0b/ffffff?text=Planner,https://scrapingsandbox.com/product/175,0,0.0,0.0,In Stock,2022-03-15,2022,3,March,Premium,Excellent
176,Lightweight Chinos,PageTurner,Clothing,18.67,,3.4,79,1,SKU-CLO-0176,"fashion, streetwear, casual",High-quality lightweight chinos from PageTurner. Perfect for everyday use. Features premium materials and thoughtful design. This clothing product has been carefully crafted to meet the highest standards of quality and performance.,2023-12-07 00:00:00,https://placehold.co/400x400/f97316/ffffff?text=Chinos,https://scrapingsandbox.com/product/176,0,0.0,0.0,In Stock,2023-12-07,2023,12,December,Budget,Average
177,Premium Spice Set,GlowUp,Food & Beverage,6.68,10.62,3.4,461,1,SKU-FOO-0177,"gourmet, snacks, artisan",High-quality premium spice set from GlowUp. Perfect for everyday use. Features premium materials and thoughtful design. This food & beverage product has been carefully crafted to meet the highest standards of quality and performance.,2022-02-10 00:00:00,https://placehold.co/400x400/f97316/ffffff?text=Spice,https://scrapingsandbox.com/product/177,1,3.94,37.1,In Stock,2022-02-10,2022,2,February,Budget,Average
178,Handcrafted Phone Mount,ProGear,Automotive,128.07,,3.7,405,1,SKU-AUT-0178,"maintenance, travel",High-quality handcrafted phone mount from ProGear. Perfect for everyday use. Features premium materials and thoughtful design. This automotive product has been carefully crafted to meet the highest standards of quality and performance.,2023-03-11 00:00:00,https://placehold.co/400x400/ef4444/ffffff?text=Phone,https://scrapingsandbox.com/product/178,0,0.0,0.0,In Stock,2023-03-11,2023,3,March,Premium,Good
179,Professional Sun Shade,HomeNest,Automotive,7.31,9.7,4.4,178,1,SKU-AUT-0179,"accessories, maintenance, travel",High-quality professional sun shade from HomeNest. Perfect for everyday use. Features premium materials and thoughtful design. This automotive product has been carefully crafted to meet the highest standards of quality and performance.,2023-12-26 00:00:00,https://placehold.co/400x400/10b981/ffffff?text=Sun,https://scrapingsandbox.com/product/179,1,2.39,24.64,In Stock,2023-12-26,2023,12,December,Budget,Very Good
180,Eco-Friendly Blood Pressure Monitor,ArtisanHub,Health,83.4,,4.3,165,0,SKU-HEA-0180,"wellness, supplements, fitness",High-quality eco-friendly blood pressure monitor from ArtisanHub. Perfect for everyday use. Features premium materials and thoughtful design. This health product has been carefully crafted to meet the highest standards of quality and performance.,2023-12-21 00:00:00,https://placehold.co/400x400/ef4444/ffffff?text=Blood,https://scrapingsandbox.com/product/180,0,0.0,0.0,Out of Stock,2023-12-21,2023,12,December,Affordable,Very Good
181,Deluxe Protein Bar,MindBooks,Food & Beverage,120.78,203.44,4.7,405,1,SKU-FOO-0181,snacks,High-quality deluxe protein bar from MindBooks. Perfect for everyday use. Features premium materials and thoughtful design. This food & beverage product has been carefully crafted to meet the highest standards of quality and performance.,2022-06-15 00:00:00,https://placehold.co/400x400/6366f1/ffffff?text=Protein,https://scrapingsandbox.com/product/181,1,82.66,40.63,In Stock,2022-06-15,2022,6,June,Premium,Excellent
182,Lightweight Notebook,TechVault,Office Supplies,165.84,267.36,3.9,63,1,SKU-OFF-0182,"stationery, desk, organization",High-quality lightweight notebook from TechVault. Perfect for everyday use. Features premium materials and thoughtful design. This office supplies product has been carefully crafted to meet the highest standards of quality and performance.,2023-05-20 00:00:00,https://placehold.co/400x400/10b981/ffffff?text=Notebook,https://scrapingsandbox.com/product/182,1,101.52,37.97,In Stock,2023-05-20,2023,5,May,Luxury,Good
183,Modern Binder,MindBooks,Office Supplies,130.68,,3.2,478,0,SKU-OFF-0183,"desk, school, work",High-quality modern binder from MindBooks. Perfect for everyday use. Features premium materials and thoughtful design. This office supplies product has been carefully crafted to meet the highest standards of quality and performance.,2023-02-18 00:00:00,https://placehold.co/400x400/f97316/ffffff?text=Binder,https://scrapingsandbox.com/product/183,0,0.0,0.0,Out of Stock,2023-02-18,2023,2,February,Premium,Average
184,Advanced Car Charger,DeskMate,Automotive,63.89,,4.9,373,1,SKU-AUT-0184,"car, accessories, safety",High-quality advanced car charger from DeskMate. Perfect for everyday use. Features premium materials and thoughtful design. This automotive product has been carefully crafted to meet the highest standards of quality and performance.,2023-09-23 00:00:00,https://placehold.co/400x400/10b981/ffffff?text=Car,https://scrapingsandbox.com/product/184,0,0.0,0.0,In Stock,2023-09-23,2023,9,September,Affordable,Excellent
185,Portable Napkin Holder,GlowUp,Home & Garden,76.76,121.82,3.2,158,1,SKU-HOM-0185,"kitchen, living room, cozy",High-quality portable napkin holder from GlowUp. Perfect for everyday use. Features premium materials and thoughtful design. This home & garden product has been carefully crafted to meet the highest standards of quality and performance.,2023-05-16 00:00:00,https://placehold.co/400x400/10b981/ffffff?text=Napkin,https://scrapingsandbox.com/product/185,1,45.06,36.99,In Stock,2023-05-16,2023,5,May,Affordable,Average
186,Professional Leash,GlowUp,Pet Supplies,119.7,,3.0,125,1,SKU-PET-0186,cats,High-quality professional leash from GlowUp. Perfect for everyday use. Features premium materials and thoughtful design. This pet supplies product has been carefully crafted to meet the highest standards of quality and performance.,2023-04-10 00:00:00,https://placehold.co/400x400/ec4899/ffffff?text=Leash,https://scrapingsandbox.com/product/186,0,0.0,0.0,In Stock,2023-04-10,2023,4,April,Premium,Average
187,Deluxe Ice Scraper,CozyCorner,Automotive,96.31,,4.2,125,1,SKU-AUT-0187,"car, accessories",High-quality deluxe ice scraper from CozyCorner. Perfect for everyday use. Features premium materials and thoughtful design. This automotive product has been carefully crafted to meet the highest standards of quality and performance.,2023-05-02 00:00:00,https://placehold.co/400x400/84cc16/ffffff?text=Ice,https://scrapingsandbox.com/product/187,0,0.0,0.0,In Stock,2023-05-02,2023,5,May,Affordable,Very Good
188,Vintage Label Maker,SoundWave,Office Supplies,131.62,212.46,4.3,94,1,SKU-OFF-0188,"desk, organization",High-quality vintage label maker from SoundWave. Perfect for everyday use. Features premium materials and thoughtful design. This office supplies product has been carefully crafted to meet the highest standards of quality and performance.,2023-09-20 00:00:00,https://placehold.co/400x400/ef4444/ffffff?text=Label,https://scrapingsandbox.com/product/188,1,80.84,38.05,In Stock,2023-09-20,2023,9,September,Premium,Very Good
189,Eco-Friendly Amp,ArtisanHub,Music,121.82,175.37,3.8,278,1,SKU-MUS-0189,"instruments, audio",High-quality eco-friendly amp from ArtisanHub. Perfect for everyday use. Features premium materials and thoughtful design. This music product has been carefully crafted to meet the highest standards of quality and performance.,2022-12-12 00:00:00,https://placehold.co/400x400/ef4444/ffffff?text=Amp,https://scrapingsandbox.com/product/189,1,53.55,30.54,In Stock,2022-12-12,2022,12,December,Premium,Good
190,Limited Edition Stuffed Animal,DeskMate,Toys,149.56,241.92,3.2,494,1,SKU-TOY-0190,"kids, games, fun",High-quality limited edition stuffed animal from DeskMate. Perfect for everyday use. Features premium materials and thoughtful design. This toys product has been carefully crafted to meet the highest standards of quality and performance.,2023-01-18 00:00:00,https://placehold.co/400x400/84cc16/ffffff?text=Stuffed,https://scrapingsandbox.com/product/190,1,92.36,38.18,In Stock,2023-01-18,2023,1,January,Premium,Average
191,Ultra MIDI Controller,SoundWave,Music,9.88,,3.5,228,1,SKU-MUS-0191,"audio, performance",High-quality ultra midi controller from SoundWave. Perfect for everyday use. Features premium materials and thoughtful design. This music product has been carefully crafted to meet the highest standards of quality and performance.,2022-07-22 00:00:00,https://placehold.co/400x400/f59e0b/ffffff?text=MIDI,https://scrapingsandbox.com/product/191,0,0.0,0.0,In Stock,2022-07-22,2022,7,July,Budget,Good
192,Classic Watch,NovaTech,Clothing,67.38,,3.3,459,1,SKU-CLO-0192,"fashion, streetwear, casual",High-quality classic watch from NovaTech. Perfect for everyday use. Features premium materials and thoughtful design. This clothing product has been carefully crafted to meet the highest standards of quality and performance.,2022-07-03 00:00:00,https://placehold.co/400x400/84cc16/ffffff?text=Watch,https://scrapingsandbox.com/product/192,0,0.0,0.0,In Stock,2022-07-03,2022,7,July,Affordable,Average
193,Modern Children's Book,DeskMate,Books,38.62,55.05,4.3,238,1,SKU-BOO-0193,"literature, education, bestseller",High-quality modern children's book from DeskMate. Perfect for everyday use. Features premium materials and thoughtful design. This books product has been carefully crafted to meet the highest standards of quality and performance.,2023-08-09 00:00:00,https://placehold.co/400x400/06b6d4/ffffff?text=Children's,https://scrapingsandbox.com/product/193,1,16.43,29.85,In Stock,2023-08-09,2023,8,August,Budget,Very Good
194,Smart Eye Cream,TechVault,Beauty,20.01,,3.1,126,0,SKU-BEA-0194,self-care,High-quality smart eye cream from TechVault. Perfect for everyday use. Features premium materials and thoughtful design. This beauty product has been carefully crafted to meet the highest standards of quality and performance.,2023-05-04 00:00:00,https://placehold.co/400x400/8b5cf6/ffffff?text=Eye,https://scrapingsandbox.com/product/194,0,0.0,0.0,Out of Stock,2023-05-04,2023,5,May,Budget,Average
195,Advanced Spice Set,PawPal,Food & Beverage,27.65,34.29,3.5,366,1,SKU-FOO-0195,"organic, snacks",High-quality advanced spice set from PawPal. Perfect for everyday use. Features premium materials and thoughtful design. This food & beverage product has been carefully crafted to meet the highest standards of quality and performance.,2023-07-26 00:00:00,https://placehold.co/400x400/06b6d4/ffffff?text=Spice,https://scrapingsandbox.com/product/195,1,6.64,19.36,In Stock,2023-07-26,2023,7,July,Budget,Good
196,Portable Stapler,TasteBud,Office Supplies,23.63,,3.6,4,1,SKU-OFF-0196,"desk, organization",High-quality portable stapler from TasteBud. Perfect for everyday use. Features premium materials and thoughtful design. This office supplies product has been carefully crafted to meet the highest standards of quality and performance.,2023-08-27 00:00:00,https://placehold.co/400x400/06b6d4/ffffff?text=Stapler,https://scrapingsandbox.com/product/196,0,0.0,0.0,In Stock,2023-08-27,2023,8,August,Budget,Good
197,Professional Laptop Sleeve,PawPal,Electronics,192.64,283.67,4.4,364,1,SKU-ELE-0197,tech,High-quality professional laptop sleeve from PawPal. Perfect for everyday use. Features premium materials and thoughtful design. This electronics product has been carefully crafted to meet the highest standards of quality and performance.,2023-07-29 00:00:00,https://placehold.co/400x400/ec4899/ffffff?text=Laptop,https://scrapingsandbox.com/product/197,1,91.03,32.09,In Stock,2023-07-29,2023,7,July,Luxury,Very Good
198,Eco-Friendly Binder,DeskMate,Office Supplies,9.44,,4.9,317,1,SKU-OFF-0198,"stationery, organization, school",High-quality eco-friendly binder from DeskMate. Perfect for everyday use. Features premium materials and thoughtful design. This office supplies product has been carefully crafted to meet the highest standards of quality and performance.,2023-02-12 00:00:00,https://placehold.co/400x400/ec4899/ffffff?text=Binder,https://scrapingsandbox.com/product/198,0,0.0,0.0,In Stock,2023-02-12,2023,2,February,Budget,Excellent
199,Organic Dollhouse,PawPal,Toys,175.94,217.45,4.8,338,1,SKU-TOY-0199,"kids, games, fun",High-quality organic dollhouse from PawPal. Perfect for everyday use. Features premium materials and thoughtful design. This toys product has been carefully crafted to meet the highest standards of quality and performance.,2023-11-28 00:00:00,https://placehold.co/400x400/10b981/ffffff?text=Dollhouse,https://scrapingsandbox.com/product/199,1,41.51,19.09,In Stock,2023-11-28,2023,11,November,Luxury,Excellent
200,Advanced Stencil Set,NovaTech,Art,154.08,,3.7,28,1,SKU-ART-0200,painting,High-quality advanced stencil set from NovaTech. Perfect for everyday use. Features premium materials and thoughtful design. This art product has been carefully crafted to meet the highest standards of quality and performance.,2023-06-15 00:00:00,https://placehold.co/400x400/06b6d4/ffffff?text=Stencil,https://scrapingsandbox.com/product/200,0,0.0,0.0,In Stock,2023-06-15,2023,6,June,Luxury,Good
201,Compact Metronome,SparkleBox,Music,160.71,222.84,3.9,87,1,SKU-MUS-0201,"instruments, recording, performance",High-quality compact metronome from SparkleBox. Perfect for everyday use. Features premium materials and thoughtful design. This music product has been carefully crafted to meet the highest standards of quality and performance.,2023-07-28 00:00:00,https://placehold.co/400x400/ec4899/ffffff?text=Metronome,https://scrapingsandbox.com/product/201,1,62.13,27.88,In Stock,2023-07-28,2023,7,July,Luxury,Good
202,Modern Plant Pot,PageTurner,Home & Garden,90.89,146.38,3.1,297,1,SKU-HOM-0202,cozy,High-quality modern plant pot from PageTurner. Perfect for everyday use. Features premium materials and thoughtful design. This home & garden product has been carefully crafted to meet the highest standards of quality and performance.,2023-11-07 00:00:00,https://placehold.co/400x400/06b6d4/ffffff?text=Plant,https://scrapingsandbox.com/product/202,1,55.49,37.91,In Stock,2023-11-07,2023,11,November,Affordable,Average
203,Smart Screen Protector,NovaTech,Electronics,173.13,,3.1,433,1,SKU-ELE-0203,"tech, wireless",High-quality smart screen protector from NovaTech. Perfect for everyday use. Features premium materials and thoughtful design. This electronics product has been carefully crafted to meet the highest standards of quality and performance.,2023-06-13 00:00:00,https://placehold.co/400x400/10b981/ffffff?text=Screen,https://scrapingsandbox.com/product/203,0,0.0,0.0,In Stock,2023-06-13,2023,6,June,Luxury,Average
204,Pro Boom Arm,HomeNest,Music,142.43,,3.7,281,1,SKU-MUS-0204,"recording, accessories",High-quality pro boom arm from HomeNest. Perfect for everyday use. Features premium materials and thoughtful design. This music product has been carefully crafted to meet the highest standards of quality and performance.,2023-06-25 00:00:00,https://placehold.co/400x400/f97316/ffffff?text=Boom,https://scrapingsandbox.com/product/204,0,0.0,0.0,In Stock,2023-06-25,2023,6,June,Premium,Good
205,Modern Phone Case,GlowUp,Electronics,51.34,,3.5,294,1,SKU-ELE-0205,"tech, digital",High-quality modern phone case from GlowUp. Perfect for everyday use. Features premium materials and thoughtful design. This electronics product has been carefully crafted to meet the highest standards of quality and performance.,2023-06-05 00:00:00,https://placehold.co/400x400/f59e0b/ffffff?text=Phone,https://scrapingsandbox.com/product/205,0,0.0,0.0,In Stock,2023-06-05,2023,6,June,Affordable,Good
206,Smart Popcorn Pack,ArtisanHub,Food & Beverage,68.14,112.13,4.2,203,1,SKU-FOO-0206,"organic, gourmet, snacks",High-quality smart popcorn pack from ArtisanHub. Perfect for everyday use. Features premium materials and thoughtful design. This food & beverage product has been carefully crafted to meet the highest standards of quality and performance.,2022-12-03 00:00:00,https://placehold.co/400x400/f97316/ffffff?text=Popcorn,https://scrapingsandbox.com/product/206,1,43.99,39.23,In Stock,2022-12-03,2022,12,December,Affordable,Very Good
207,Premium Sunglasses,MindBooks,Clothing,129.25,,3.8,396,1,SKU-CLO-0207,"apparel, streetwear, unisex",High-quality premium sunglasses from MindBooks. Perfect for everyday use. Features premium materials and thoughtful design. This clothing product has been carefully crafted to meet the highest standards of quality and performance.,2022-02-02 00:00:00,https://placehold.co/400x400/ec4899/ffffff?text=Sunglasses,https://scrapingsandbox.com/product/207,0,0.0,0.0,In Stock,2022-02-02,2022,2,February,Premium,Good
208,Pro Belt,PageTurner,Clothing,144.06,,3.0,218,1,SKU-CLO-0208,"streetwear, casual",High-quality pro belt from PageTurner. Perfect for everyday use. Features premium materials and thoughtful design. This clothing product has been carefully crafted to meet the highest standards of quality and performance.,2023-11-19 00:00:00,https://placehold.co/400x400/84cc16/ffffff?text=Belt,https://scrapingsandbox.com/product/208,0,0.0,0.0,In Stock,2023-11-19,2023,11,November,Premium,Average
209,Eco-Friendly Smart Watch,NovaTech,Electronics,168.73,,4.1,111,1,SKU-ELE-0209,"gadgets, wireless",High-quality eco-friendly smart watch from NovaTech. Perfect for everyday use. Features premium materials and thoughtful design. This electronics product has been carefully crafted to meet the highest standards of quality and performance.,2022-03-17 00:00:00,https://placehold.co/400x400/ec4899/ffffff?text=Smart,https://scrapingsandbox.com/product/209,0,0.0,0.0,In Stock,2022-03-17,2022,3,March,Luxury,Very Good
210,Heavy-Duty Sketchbook,TasteBud,Art,74.16,,4.9,262,1,SKU-ART-0210,"drawing, painting, crafts",High-quality heavy-duty sketchbook from TasteBud. Perfect for everyday use. Features premium materials and thoughtful design. This art product has been carefully crafted to meet the highest standards of quality and performance.,2023-03-14 00:00:00,https://placehold.co/400x400/06b6d4/ffffff?text=Sketchbook,https://scrapingsandbox.com/product/210,0,0.0,0.0,In Stock,2023-03-14,2023,3,March,Affordable,Excellent
211,Premium Ankle Weights,PageTurner,Sports,29.2,40.76,4.6,111,1,SKU-SPO-0211,"fitness, training",High-quality premium ankle weights from PageTurner. Perfect for everyday use. Features premium materials and thoughtful design. This sports product has been carefully crafted to meet the highest standards of quality and performance.,2023-10-18 00:00:00,https://placehold.co/400x400/8b5cf6/ffffff?text=Ankle,https://scrapingsandbox.com/product/211,1,11.56,28.36,In Stock,2023-10-18,2023,10,October,Budget,Excellent
212,Limited Edition Oil Filter,FitPro,Automotive,112.39,,3.3,262,1,SKU-AUT-0212,"accessories, maintenance",High-quality limited edition oil filter from FitPro. Perfect for everyday use. Features premium materials and thoughtful design. This automotive product has been carefully crafted to meet the highest standards of quality and performance.,2023-01-11 00:00:00,https://placehold.co/400x400/ec4899/ffffff?text=Oil,https://scrapingsandbox.com/product/212,0,0.0,0.0,In Stock,2023-01-11,2023,1,January,Premium,Average
213,Premium Charger,TechVault,Electronics,23.65,,5.0,310,1,SKU-ELE-0213,"tech, digital",High-quality premium charger from TechVault. Perfect for everyday use. Features premium materials and thoughtful design. This electronics product has been carefully crafted to meet the highest standards of quality and performance.,2023-08-24 00:00:00,https://placehold.co/400x400/ef4444/ffffff?text=Charger,https://scrapingsandbox.com/product/213,0,0.0,0.0,In Stock,2023-08-24,2023,8,August,Budget,Excellent
214,Limited Edition Wall Art,NovaTech,Home & Garden,195.03,,3.4,286,1,SKU-HOM-0214,decor,High-quality limited edition wall art from NovaTech. Perfect for everyday use. Features premium materials and thoughtful design. This home & garden product has been carefully crafted to meet the highest standards of quality and performance.,2022-03-09 00:00:00,https://placehold.co/400x400/06b6d4/ffffff?text=Wall,https://scrapingsandbox.com/product/214,0,0.0,0.0,In Stock,2022-03-09,2022,3,March,Luxury,Average
215,Portable Hair Pin,PageTurner,Jewelry,5.66,,3.0,405,1,SKU-JEW-0215,"accessories, luxury, handmade",High-quality portable hair pin from PageTurner. Perfect for everyday use. Features premium materials and thoughtful design. This jewelry product has been carefully crafted to meet the highest standards of quality and performance.,2022-09-01 00:00:00,https://placehold.co/400x400/84cc16/ffffff?text=Hair,https://scrapingsandbox.com/product/215,0,0.0,0.0,In Stock,2022-09-01,2022,9,September,Budget,Average
216,Deluxe Laptop Sleeve,NovaTech,Electronics,17.79,26.23,4.6,392,1,SKU-ELE-0216,"tech, gadgets, digital",High-quality deluxe laptop sleeve from NovaTech. Perfect for everyday use. Features premium materials and thoughtful design. This electronics product has been carefully crafted to meet the highest standards of quality and performance.,2022-03-24 00:00:00,https://placehold.co/400x400/f59e0b/ffffff?text=Laptop,https://scrapingsandbox.com/product/216,1,8.44,32.18,In Stock,2022-03-24,2022,3,March,Budget,Excellent
217,Wireless Journal,CozyCorner,Books,174.01,237.51,3.5,211,1,SKU-BOO-0217,"reading, literature, education",High-quality wireless journal from CozyCorner. Perfect for everyday use. Features premium materials and thoughtful design. This books product has been carefully crafted to meet the highest standards of quality and performance.,2023-01-23 00:00:00,https://placehold.co/400x400/ef4444/ffffff?text=Journal,https://scrapingsandbox.com/product/217,1,63.5,26.74,In Stock,2023-01-23,2023,1,January,Luxury,Good
218,Essential Litter Box,UrbanThread,Pet Supplies,86.69,133.18,3.4,318,0,SKU-PET-0218,"pets, grooming",High-quality essential litter box from UrbanThread. Perfect for everyday use. Features premium materials and thoughtful design. This pet supplies product has been carefully crafted to meet the highest standards of quality and performance.,2022-04-21 00:00:00,https://placehold.co/400x400/8b5cf6/ffffff?text=Litter,https://scrapingsandbox.com/product/218,1,46.49,34.91,Out of Stock,2022-04-21,2022,4,April,Affordable,Average
219,Smart Stud Earrings,PageTurner,Jewelry,94.56,,4.2,217,1,SKU-JEW-0219,"accessories, sterling",High-quality smart stud earrings from PageTurner. Perfect for everyday use. Features premium materials and thoughtful design. This jewelry product has been carefully crafted to meet the highest standards of quality and performance.,2022-06-26 00:00:00,https://placehold.co/400x400/8b5cf6/ffffff?text=Stud,https://scrapingsandbox.com/product/219,0,0.0,0.0,In Stock,2022-06-26,2022,6,June,Affordable,Very Good
220,Modern Wiper Blade,NovaTech,Automotive,81.75,121.36,3.8,327,1,SKU-AUT-0220,"car, maintenance",High-quality modern wiper blade from NovaTech. Perfect for everyday use. Features premium materials and thoughtful design. This automotive product has been carefully crafted to meet the highest standards of quality and performance.,2023-05-11 00:00:00,https://placehold.co/400x400/10b981/ffffff?text=Wiper,https://scrapingsandbox.com/product/220,1,39.61,32.64,In Stock,2023-05-11,2023,5,May,Affordable,Good
221,Portable Tennis Balls,TasteBud,Sports,51.66,63.05,3.9,119,1,SKU-SPO-0221,"fitness, outdoor, gym",High-quality portable tennis balls from TasteBud. Perfect for everyday use. Features premium materials and thoughtful design. This sports product has been carefully crafted to meet the highest standards of quality and performance.,2022-09-05 00:00:00,https://placehold.co/400x400/8b5cf6/ffffff?text=Tennis,https://scrapingsandbox.com/product/221,1,11.39,18.07,In Stock,2022-09-05,2022,9,September,Affordable,Good
222,Organic Jump Starter,CozyCorner,Automotive,204.67,252.45,4.9,166,1,SKU-AUT-0222,"accessories, maintenance, travel",High-quality organic jump starter from CozyCorner. Perfect for everyday use. Features premium materials and thoughtful design. This automotive product has been carefully crafted to meet the highest standards of quality and performance.,2022-01-26 00:00:00,https://placehold.co/400x400/ec4899/ffffff?text=Jump,https://scrapingsandbox.com/product/222,1,47.78,18.93,In Stock,2022-01-26,2022,1,January,Luxury,Excellent
223,Heavy-Duty Ruler,DeskMate,Office Supplies,37.37,,4.4,418,1,SKU-OFF-0223,"stationery, organization",High-quality heavy-duty ruler from DeskMate. Perfect for everyday use. Features premium materials and thoughtful design. This office supplies product has been carefully crafted to meet the highest standards of quality and performance.,2023-10-04 00:00:00,https://placehold.co/400x400/f97316/ffffff?text=Ruler,https://scrapingsandbox.com/product/223,0,0.0,0.0,In Stock,2023-10-04,2023,10,October,Budget,Very Good
224,Ultra Face Mask,SoundWave,Beauty,171.32,254.77,4.1,95,1,SKU-BEA-0224,"self-care, organic, vegan",High-quality ultra face mask from SoundWave. Perfect for everyday use. Features premium materials and thoughtful design. This beauty product has been carefully crafted to meet the highest standards of quality and performance.,2023-12-03 00:00:00,https://placehold.co/400x400/ec4899/ffffff?text=Face,https://scrapingsandbox.com/product/224,1,83.45,32.76,In Stock,2023-12-03,2023,12,December,Luxury,Very Good
225,Organic Stapler,SoundWave,Office Supplies,70.78,,3.9,369,1,SKU-OFF-0225,"desk, organization, school",High-quality organic stapler from SoundWave. Perfect for everyday use. Features premium materials and thoughtful design. This office supplies product has been carefully crafted to meet the highest standards of quality and performance.,2023-12-31 00:00:00,https://placehold.co/400x400/84cc16/ffffff?text=Stapler,https://scrapingsandbox.com/product/225,0,0.0,0.0,In Stock,2023-12-31,2023,12,December,Affordable,Good
226,Pro Desk Organizer,SoundWave,Office Supplies,101.0,143.79,4.2,87,1,SKU-OFF-0226,"desk, organization, school",High-quality pro desk organizer from SoundWave. Perfect for everyday use. Features premium materials and thoughtful design. This office supplies product has been carefully crafted to meet the highest standards of quality and performance.,2022-01-23 00:00:00,https://placehold.co/400x400/8b5cf6/ffffff?text=Desk,https://scrapingsandbox.com/product/226,1,42.79,29.76,In Stock,2022-01-23,2022,1,January,Premium,Very Good
227,Wireless Steering Wheel Cover,ProGear,Automotive,156.47,,4.6,405,1,SKU-AUT-0227,travel,High-quality wireless steering wheel cover from ProGear. Perfect for everyday use. Features premium materials and thoughtful design. This automotive product has been carefully crafted to meet the highest standards of quality and performance.,2022-05-06 00:00:00,https://placehold.co/400x400/f97316/ffffff?text=Steering,https://scrapingsandbox.com/product/227,0,0.0,0.0,In Stock,2022-05-06,2022,5,May,Luxury,Excellent
228,Heavy-Duty Science Book,TasteBud,Books,178.14,,3.7,333,1,SKU-BOO-0228,"reading, education, bestseller",High-quality heavy-duty science book from TasteBud. Perfect for everyday use. Features premium materials and thoughtful design. This books product has been carefully crafted to meet the highest standards of quality and performance.,2023-04-24 00:00:00,https://placehold.co/400x400/84cc16/ffffff?text=Science,https://scrapingsandbox.com/product/228,0,0.0,0.0,In Stock,2023-04-24,2023,4,April,Luxury,Good
229,Vintage Sweatband,NovaTech,Sports,114.5,153.94,5.0,360,1,SKU-SPO-0229,"fitness, workout, outdoor",High-quality vintage sweatband from NovaTech. Perfect for everyday use. Features premium materials and thoughtful design. This sports product has been carefully crafted to meet the highest standards of quality and performance.,2023-05-26 00:00:00,https://placehold.co/400x400/f59e0b/ffffff?text=Sweatband,https://scrapingsandbox.com/product/229,1,39.44,25.62,In Stock,2023-05-26,2023,5,May,Premium,Excellent
230,Advanced Energy Drink,ArtisanHub,Food & Beverage,54.89,,4.8,97,1,SKU-FOO-0230,"organic, snacks, drinks",High-quality advanced energy drink from ArtisanHub. Perfect for everyday use. Features premium materials and thoughtful design. This food & beverage product has been carefully crafted to meet the highest standards of quality and performance.,2023-03-19 00:00:00,https://placehold.co/400x400/ec4899/ffffff?text=Energy,https://scrapingsandbox.com/product/230,0,0.0,0.0,In Stock,2023-03-19,2023,3,March,Affordable,Excellent
231,Essential Speaker Cable,CozyCorner,Music,70.57,,3.4,123,1,SKU-MUS-0231,"audio, recording, accessories",High-quality essential speaker cable from CozyCorner. Perfect for everyday use. Features premium materials and thoughtful design. This music product has been carefully crafted to meet the highest standards of quality and performance.,2023-08-02 00:00:00,https://placehold.co/400x400/f97316/ffffff?text=Speaker,https://scrapingsandbox.com/product/231,0,0.0,0.0,In Stock,2023-08-02,2023,8,August,Affordable,Average
232,Classic Joggers,TechVault,Clothing,204.86,294.12,4.6,27,1,SKU-CLO-0232,"apparel, streetwear",High-quality classic joggers from TechVault. Perfect for everyday use. Features premium materials and thoughtful design. This clothing product has been carefully crafted to meet the highest standards of quality and performance.,2023-03-15 00:00:00,https://placehold.co/400x400/ef4444/ffffff?text=Joggers,https://scrapingsandbox.com/product/232,1,89.26,30.35,In Stock,2023-03-15,2023,3,March,Luxury,Excellent
233,Classic Water Bottle,HomeNest,Sports,106.03,,4.9,297,1,SKU-SPO-0233,"fitness, training, gym",High-quality classic water bottle from HomeNest. Perfect for everyday use. Features premium materials and thoughtful design. This sports product has been carefully crafted to meet the highest standards of quality and performance.,2023-11-04 00:00:00,https://placehold.co/400x400/f97316/ffffff?text=Water,https://scrapingsandbox.com/product/233,0,0.0,0.0,In Stock,2023-11-04,2023,11,November,Premium,Excellent
234,Wireless Coloring Book,TechVault,Books,7.36,9.0,4.4,295,1,SKU-BOO-0234,reading,High-quality wireless coloring book from TechVault. Perfect for everyday use. Features premium materials and thoughtful design. This books product has been carefully crafted to meet the highest standards of quality and performance.,2023-11-10 00:00:00,https://placehold.co/400x400/ec4899/ffffff?text=Coloring,https://scrapingsandbox.com/product/234,1,1.64,18.22,In Stock,2023-11-10,2023,11,November,Budget,Very Good
235,Deluxe Pencil Set,VitalLife,Art,168.21,,3.0,434,1,SKU-ART-0235,"creative, crafts",High-quality deluxe pencil set from VitalLife. Perfect for everyday use. Features premium materials and thoughtful design. This art product has been carefully crafted to meet the highest standards of quality and performance.,2022-08-02 00:00:00,https://placehold.co/400x400/06b6d4/ffffff?text=Pencil,https://scrapingsandbox.com/product/235,0,0.0,0.0,In Stock,2022-08-02,2022,8,August,Luxury,Average
236,Handcrafted Joggers,DeskMate,Clothing,117.83,,3.9,445,1,SKU-CLO-0236,"apparel, unisex",High-quality handcrafted joggers from DeskMate. Perfect for everyday use. Features premium materials and thoughtful design. This clothing product has been carefully crafted to meet the highest standards of quality and performance.,2022-04-11 00:00:00,https://placehold.co/400x400/06b6d4/ffffff?text=Joggers,https://scrapingsandbox.com/product/236,0,0.0,0.0,In Stock,2022-04-11,2022,4,April,Premium,Good
237,Classic Makeup Brush Set,SparkleBox,Beauty,149.46,213.87,4.5,444,1,SKU-BEA-0237,"skincare, cosmetics, self-care",High-quality classic makeup brush set from SparkleBox. Perfect for everyday use. Features premium materials and thoughtful design. This beauty product has been carefully crafted to meet the highest standards of quality and performance.,2022-07-19 00:00:00,https://placehold.co/400x400/06b6d4/ffffff?text=Makeup,https://scrapingsandbox.com/product/237,1,64.41,30.12,In Stock,2022-07-19,2022,7,July,Premium,Excellent
238,Wireless Audio Cable,NovaTech,Music,75.81,,3.1,213,1,SKU-MUS-0238,"recording, performance",High-quality wireless audio cable from NovaTech. Perfect for everyday use. Features premium materials and thoughtful design. This music product has been carefully crafted to meet the highest standards of quality and performance.,2023-01-29 00:00:00,https://placehold.co/400x400/3b82f6/ffffff?text=Audio,https://scrapingsandbox.com/product/238,0,0.0,0.0,In Stock,2023-01-29,2023,1,January,Affordable,Average
239,Smart Mouse Pad,TasteBud,Electronics,21.44,,4.0,404,1,SKU-ELE-0239,"tech, gadgets, wireless",High-quality smart mouse pad from TasteBud. Perfect for everyday use. Features premium materials and thoughtful design. This electronics product has been carefully crafted to meet the highest standards of quality and performance.,2023-02-21 00:00:00,https://placehold.co/400x400/06b6d4/ffffff?text=Mouse,https://scrapingsandbox.com/product/239,0,0.0,0.0,In Stock,2023-02-21,2023,2,February,Budget,Very Good
240,Wireless Chain,SoundWave,Jewelry,95.83,,3.2,490,1,SKU-JEW-0240,"accessories, handmade, sterling",High-quality wireless chain from SoundWave. Perfect for everyday use. Features premium materials and thoughtful design. This jewelry product has been carefully crafted to meet the highest standards of quality and performance.,2022-02-26 00:00:00,https://placehold.co/400x400/84cc16/ffffff?text=Chain,https://scrapingsandbox.com/product/240,0,0.0,0.0,In Stock,2022-02-26,2022,2,February,Affordable,Average
241,Lightweight Planner,AutoParts Pro,Books,111.17,,4.1,144,1,SKU-BOO-0241,"reading, literature, bestseller",High-quality lightweight planner from AutoParts Pro. Perfect for everyday use. Features premium materials and thoughtful design. This books product has been carefully crafted to meet the highest standards of quality and performance.,2023-04-03 00:00:00,https://placehold.co/400x400/f97316/ffffff?text=Planner,https://scrapingsandbox.com/product/241,0,0.0,0.0,In Stock,2023-04-03,2023,4,April,Premium,Very Good
242,Lightweight Storage Basket,CozyCorner,Home & Garden,174.65,,4.5,289,1,SKU-HOM-0242,"decor, cozy",High-quality lightweight storage basket from CozyCorner. Perfect for everyday use. Features premium materials and thoughtful design. This home & garden product has been carefully crafted to meet the highest standards of quality and performance.,2022-12-11 00:00:00,https://placehold.co/400x400/3b82f6/ffffff?text=Storage,https://scrapingsandbox.com/product/242,0,0.0,0.0,In Stock,2022-12-11,2022,12,December,Luxury,Excellent
243,Pro Spice Rack,TechVault,Home & Garden,184.66,251.55,4.2,182,1,SKU-HOM-0243,"kitchen, living room, garden",High-quality pro spice rack from TechVault. Perfect for everyday use. Features premium materials and thoughtful design. This home & garden product has been carefully crafted to meet the highest standards of quality and performance.,2022-12-27 00:00:00,https://placehold.co/400x400/6366f1/ffffff?text=Spice,https://scrapingsandbox.com/product/243,1,66.89,26.59,In Stock,2022-12-27,2022,12,December,Luxury,Very Good
244,Deluxe Bath Bomb,DeskMate,Beauty,79.62,,4.0,347,1,SKU-BEA-0244,"skincare, cosmetics, self-care",High-quality deluxe bath bomb from DeskMate. Perfect for everyday use. Features premium materials and thoughtful design. This beauty product has been carefully crafted to meet the highest standards of quality and performance.,2022-05-02 00:00:00,https://placehold.co/400x400/3b82f6/ffffff?text=Bath,https://scrapingsandbox.com/product/244,0,0.0,0.0,In Stock,2022-05-02,2022,5,May,Affordable,Very Good
245,Advanced Scarf,AutoParts Pro,Clothing,79.61,,3.8,204,1,SKU-CLO-0245,"fashion, apparel, streetwear",High-quality advanced scarf from AutoParts Pro. Perfect for everyday use. Features premium materials and thoughtful design. This clothing product has been carefully crafted to meet the highest standards of quality and performance.,2022-04-28 00:00:00,https://placehold.co/400x400/6366f1/ffffff?text=Scarf,https://scrapingsandbox.com/product/245,0,0.0,0.0,In Stock,2022-04-28,2022,4,April,Affordable,Good
246,Portable Popcorn Pack,ArtisanHub,Food & Beverage,75.79,119.88,4.3,15,1,SKU-FOO-0246,"gourmet, snacks",High-quality portable popcorn pack from ArtisanHub. Perfect for everyday use. Features premium materials and thoughtful design. This food & beverage product has been carefully crafted to meet the highest standards of quality and performance.,2023-09-27 00:00:00,https://placehold.co/400x400/10b981/ffffff?text=Popcorn,https://scrapingsandbox.com/product/246,1,44.09,36.78,In Stock,2023-09-27,2023,9,September,Affordable,Very Good
247,Professional HDMI Cable,FitPro,Electronics,27.06,,4.8,423,1,SKU-ELE-0247,"digital, wireless, USB",High-quality professional hdmi cable from FitPro. Perfect for everyday use. Features premium materials and thoughtful design. This electronics product has been carefully crafted to meet the highest standards of quality and performance.,2023-09-30 00:00:00,https://placehold.co/400x400/84cc16/ffffff?text=HDMI,https://scrapingsandbox.com/product/247,0,0.0,0.0,In Stock,2023-09-30,2023,9,September,Budget,Excellent
248,Organic Toe Ring,MindBooks,Jewelry,201.23,,4.4,186,1,SKU-JEW-0248,fashion,High-quality organic toe ring from MindBooks. Perfect for everyday use. Features premium materials and thoughtful design. This jewelry product has been carefully crafted to meet the highest standards of quality and performance.,2022-01-04 00:00:00,https://placehold.co/400x400/f59e0b/ffffff?text=Toe,https://scrapingsandbox.com/product/248,0,0.0,0.0,In Stock,2022-01-04,2022,1,January,Luxury,Very Good
249,Pro Guitar Strings,TasteBud,Music,149.41,180.25,4.7,286,1,SKU-MUS-0249,"instruments, recording",High-quality pro guitar strings from TasteBud. Perfect for everyday use. Features premium materials and thoughtful design. This music product has been carefully crafted to meet the highest standards of quality and performance.,2022-10-23 00:00:00,https://placehold.co/400x400/ec4899/ffffff?text=Guitar,https://scrapingsandbox.com/product/249,1,30.84,17.11,In Stock,2022-10-23,2022,10,October,Premium,Excellent
250,Essential Sweatband,PageTurner,Sports,173.68,,4.6,280,1,SKU-SPO-0250,"outdoor, training",High-quality essential sweatband from PageTurner. Perfect for everyday use. Features premium materials and thoughtful design. This sports product has been carefully crafted to meet the highest standards of quality and performance.,2023-03-27 00:00:00,https://placehold.co/400x400/8b5cf6/ffffff?text=Sweatband,https://scrapingsandbox.com/product/250,0,0.0,0.0,In Stock,2023-03-27,2023,3,March,Luxury,Excellent
251,Modern Pet Bed,TasteBud,Pet Supplies,76.46,,3.7,448,1,SKU-PET-0251,food,High-quality modern pet bed from TasteBud. Perfect for everyday use. Features premium materials and thoughtful design. This pet supplies product has been carefully crafted to meet the highest standards of quality and performance.,2023-05-27 00:00:00,https://placehold.co/400x400/8b5cf6/ffffff?text=Pet,https://scrapingsandbox.com/product/251,0,0.0,0.0,In Stock,2023-05-27,2023,5,May,Affordable,Good
252,Lightweight Napkin Holder,DeskMate,Home & Garden,124.68,,4.0,250,1,SKU-HOM-0252,"living room, cozy",High-quality lightweight napkin holder from DeskMate. Perfect for everyday use. Features premium materials and thoughtful design. This home & garden product has been carefully crafted to meet the highest standards of quality and performance.,2022-05-10 00:00:00,https://placehold.co/400x400/8b5cf6/ffffff?text=Napkin,https://scrapingsandbox.com/product/252,0,0.0,0.0,In Stock,2022-05-10,2022,5,May,Premium,Very Good
253,Eco-Friendly Resistance Bands,TechVault,Sports,60.21,81.52,3.8,232,1,SKU-SPO-0253,workout,High-quality eco-friendly resistance bands from TechVault. Perfect for everyday use. Features premium materials and thoughtful design. This sports product has been carefully crafted to meet the highest standards of quality and performance.,2022-04-30 00:00:00,https://placehold.co/400x400/10b981/ffffff?text=Resistance,https://scrapingsandbox.com/product/253,1,21.31,26.14,In Stock,2022-04-30,2022,4,April,Affordable,Good
254,Modern Brooch,PageTurner,Jewelry,23.37,,3.3,261,1,SKU-JEW-0254,"luxury, fashion",High-quality modern brooch from PageTurner. Perfect for everyday use. Features premium materials and thoughtful design. This jewelry product has been carefully crafted to meet the highest standards of quality and performance.,2023-04-26 00:00:00,https://placehold.co/400x400/8b5cf6/ffffff?text=Brooch,https://scrapingsandbox.com/product/254,0,0.0,0.0,In Stock,2023-04-26,2023,4,April,Budget,Average
255,Premium Ring Light,ArtisanHub,Electronics,40.46,,3.3,138,0,SKU-ELE-0255,"digital, wireless",High-quality premium ring light from ArtisanHub. Perfect for everyday use. Features premium materials and thoughtful design. This electronics product has been carefully crafted to meet the highest standards of quality and performance.,2023-11-30 00:00:00,https://placehold.co/400x400/6366f1/ffffff?text=Ring,https://scrapingsandbox.com/product/255,0,0.0,0.0,Out of Stock,2023-11-30,2023,11,November,Budget,Average
256,Essential Fish Tank Filter,ProGear,Pet Supplies,84.36,,4.8,129,1,SKU-PET-0256,"dogs, grooming",High-quality essential fish tank filter from ProGear. Perfect for everyday use. Features premium materials and thoughtful design. This pet supplies product has been carefully crafted to meet the highest standards of quality and performance.,2022-05-14 00:00:00,https://placehold.co/400x400/3b82f6/ffffff?text=Fish,https://scrapingsandbox.com/product/256,0,0.0,0.0,In Stock,2022-05-14,2022,5,May,Affordable,Excellent
257,Heavy-Duty Brush Kit,ArtisanHub,Art,86.42,115.88,3.8,60,1,SKU-ART-0257,"supplies, creative, painting",High-quality heavy-duty brush kit from ArtisanHub. Perfect for everyday use. Features premium materials and thoughtful design. This art product has been carefully crafted to meet the highest standards of quality and performance.,2023-05-28 00:00:00,https://placehold.co/400x400/84cc16/ffffff?text=Brush,https://scrapingsandbox.com/product/257,1,29.46,25.42,In Stock,2023-05-28,2023,5,May,Affordable,Good
258,Compact Throw Pillow,SoundWave,Home & Garden,194.24,,3.8,67,1,SKU-HOM-0258,"decor, kitchen, living room",High-quality compact throw pillow from SoundWave. Perfect for everyday use. Features premium materials and thoughtful design. This home & garden product has been carefully crafted to meet the highest standards of quality and performance.,2022-04-04 00:00:00,https://placehold.co/400x400/6366f1/ffffff?text=Throw,https://scrapingsandbox.com/product/258,0,0.0,0.0,In Stock,2022-04-04,2022,4,April,Luxury,Good
259,Heavy-Duty Trunk Organizer,UrbanThread,Automotive,159.86,,3.5,277,0,SKU-AUT-0259,"travel, safety",High-quality heavy-duty trunk organizer from UrbanThread. Perfect for everyday use. Features premium materials and thoughtful design. This automotive product has been carefully crafted to meet the highest standards of quality and performance.,2024-01-01 00:00:00,https://placehold.co/400x400/8b5cf6/ffffff?text=Trunk,https://scrapingsandbox.com/product/259,0,0.0,0.0,Out of Stock,2024-01-01,2024,1,January,Luxury,Good
260,Eco-Friendly Body Chain,ArtisanHub,Jewelry,68.39,,3.3,210,1,SKU-JEW-0260,"accessories, luxury, fashion",High-quality eco-friendly body chain from ArtisanHub. Perfect for everyday use. Features premium materials and thoughtful design. This jewelry product has been carefully crafted to meet the highest standards of quality and performance.,2023-08-08 00:00:00,https://placehold.co/400x400/10b981/ffffff?text=Body,https://scrapingsandbox.com/product/260,0,0.0,0.0,In Stock,2023-08-08,2023,8,August,Affordable,Average
261,Pro Grooming Brush,StyleCraft,Pet Supplies,77.92,,5.0,220,1,SKU-PET-0261,dogs,High-quality pro grooming brush from StyleCraft. Perfect for everyday use. Features premium materials and thoughtful design. This pet supplies product has been carefully crafted to meet the highest standards of quality and performance.,2023-02-07 00:00:00,https://placehold.co/400x400/ef4444/ffffff?text=Grooming,https://scrapingsandbox.com/product/261,0,0.0,0.0,In Stock,2023-02-07,2023,2,February,Affordable,Excellent
262,Smart Storage Basket,PageTurner,Home & Garden,146.35,196.71,4.1,174,0,SKU-HOM-0262,"decor, kitchen, cozy",High-quality smart storage basket from PageTurner. Perfect for everyday use. Features premium materials and thoughtful design. This home & garden product has been carefully crafted to meet the highest standards of quality and performance.,2022-05-14 00:00:00,https://placehold.co/400x400/06b6d4/ffffff?text=Storage,https://scrapingsandbox.com/product/262,1,50.36,25.6,Out of Stock,2022-05-14,2022,5,May,Premium,Very Good
263,Advanced Olive Oil,TasteBud,Food & Beverage,198.79,,3.4,113,1,SKU-FOO-0263,"gourmet, drinks",High-quality advanced olive oil from TasteBud. Perfect for everyday use. Features premium materials and thoughtful design. This food & beverage product has been carefully crafted to meet the highest standards of quality and performance.,2023-06-08 00:00:00,https://placehold.co/400x400/8b5cf6/ffffff?text=Olive,https://scrapingsandbox.com/product/263,0,0.0,0.0,In Stock,2023-06-08,2023,6,June,Luxury,Average
264,Professional Stuffed Animal,DeskMate,Toys,166.62,,4.5,278,0,SKU-TOY-0264,"kids, creative",High-quality professional stuffed animal from DeskMate. Perfect for everyday use. Features premium materials and thoughtful design. This toys product has been carefully crafted to meet the highest standards of quality and performance.,2023-12-15 00:00:00,https://placehold.co/400x400/3b82f6/ffffff?text=Stuffed,https://scrapingsandbox.com/product/264,0,0.0,0.0,Out of Stock,2023-12-15,2023,12,December,Luxury,Excellent
265,Organic Gaming Mouse,MindBooks,Electronics,28.78,46.85,3.5,312,1,SKU-ELE-0265,"gadgets, wireless",High-quality organic gaming mouse from MindBooks. Perfect for everyday use. Features premium materials and thoughtful design. This electronics product has been carefully crafted to meet the highest standards of quality and performance.,2022-02-25 00:00:00,https://placehold.co/400x400/8b5cf6/ffffff?text=Gaming,https://scrapingsandbox.com/product/265,1,18.07,38.57,In Stock,2022-02-25,2022,2,February,Budget,Good
266,Essential LED Desk Lamp,TechVault,Electronics,156.21,256.54,3.3,91,1,SKU-ELE-0266,"gadgets, wireless, USB",High-quality essential led desk lamp from TechVault. Perfect for everyday use. Features premium materials and thoughtful design. This electronics product has been carefully crafted to meet the highest standards of quality and performance.,2023-01-27 00:00:00,https://placehold.co/400x400/3b82f6/ffffff?text=LED,https://scrapingsandbox.com/product/266,1,100.33,39.11,In Stock,2023-01-27,2023,1,January,Luxury,Average
267,Classic Graphic Novel,PageTurner,Books,112.38,,4.9,80,1,SKU-BOO-0267,"literature, paperback",High-quality classic graphic novel from PageTurner. Perfect for everyday use. Features premium materials and thoughtful design. This books product has been carefully crafted to meet the highest standards of quality and performance.,2022-03-16 00:00:00,https://placehold.co/400x400/84cc16/ffffff?text=Graphic,https://scrapingsandbox.com/product/267,0,0.0,0.0,In Stock,2022-03-16,2022,3,March,Premium,Excellent
268,Modern Omega-3 Capsules,PageTurner,Health,13.4,,4.4,209,1,SKU-HEA-0268,"wellness, natural",High-quality modern omega-3 capsules from PageTurner. Perfect for everyday use. Features premium materials and thoughtful design. This health product has been carefully crafted to meet the highest standards of quality and performance.,2023-07-15 00:00:00,https://placehold.co/400x400/f97316/ffffff?text=Omega-3,https://scrapingsandbox.com/product/268,0,0.0,0.0,In Stock,2023-07-15,2023,7,July,Budget,Very Good
269,Handcrafted Compression Sleeve,StyleCraft,Health,154.03,,4.9,321,1,SKU-HEA-0269,"medical, natural, fitness",High-quality handcrafted compression sleeve from StyleCraft. Perfect for everyday use. Features premium materials and thoughtful design. This health product has been carefully crafted to meet the highest standards of quality and performance.,2023-11-21 00:00:00,https://placehold.co/400x400/3b82f6/ffffff?text=Compression,https://scrapingsandbox.com/product/269,0,0.0,0.0,In Stock,2023-11-21,2023,11,November,Luxury,Excellent
270,Lightweight Dog Treat,PageTurner,Pet Supplies,160.82,,4.4,37,1,SKU-PET-0270,"cats, pets, food",High-quality lightweight dog treat from PageTurner. Perfect for everyday use. Features premium materials and thoughtful design. This pet supplies product has been carefully crafted to meet the highest standards of quality and performance.,2022-08-26 00:00:00,https://placehold.co/400x400/ec4899/ffffff?text=Dog,https://scrapingsandbox.com/product/270,0,0.0,0.0,In Stock,2022-08-26,2022,8,August,Luxury,Very Good
271,Portable Puzzle Set,HomeNest,Toys,83.15,122.04,3.0,494,1,SKU-TOY-0271,"games, fun, educational",High-quality portable puzzle set from HomeNest. Perfect for everyday use. Features premium materials and thoughtful design. This toys product has been carefully crafted to meet the highest standards of quality and performance.,2023-01-07 00:00:00,https://placehold.co/400x400/ef4444/ffffff?text=Puzzle,https://scrapingsandbox.com/product/271,1,38.89,31.87,In Stock,2023-01-07,2023,1,January,Affordable,Average
272,Compact Travel Guide,PlayZone,Books,19.33,,5.0,319,1,SKU-BOO-0272,"reading, literature, bestseller",High-quality compact travel guide from PlayZone. Perfect for everyday use. Features premium materials and thoughtful design. This books product has been carefully crafted to meet the highest standards of quality and performance.,2023-12-02 00:00:00,https://placehold.co/400x400/06b6d4/ffffff?text=Travel,https://scrapingsandbox.com/product/272,0,0.0,0.0,In Stock,2023-12-02,2023,12,December,Budget,Excellent
273,Portable Fitness Tracker,FitPro,Sports,147.65,,3.3,391,1,SKU-SPO-0273,"workout, outdoor, gym",High-quality portable fitness tracker from FitPro. Perfect for everyday use. Features premium materials and thoughtful design. This sports product has been carefully crafted to meet the highest standards of quality and performance.,2022-06-30 00:00:00,https://placehold.co/400x400/8b5cf6/ffffff?text=Fitness,https://scrapingsandbox.com/product/273,0,0.0,0.0,In Stock,2022-06-30,2022,6,June,Premium,Average
274,Smart Lip Balm,PawPal,Beauty,117.61,175.51,3.1,483,1,SKU-BEA-0274,"cosmetics, self-care",High-quality smart lip balm from PawPal. Perfect for everyday use. Features premium materials and thoughtful design. This beauty product has been carefully crafted to meet the highest standards of quality and performance.,2023-08-22 00:00:00,https://placehold.co/400x400/f59e0b/ffffff?text=Lip,https://scrapingsandbox.com/product/274,1,57.9,32.99,In Stock,2023-08-22,2023,8,August,Premium,Average
275,Ultra Play Dough,PlayZone,Toys,60.0,77.52,4.7,47,0,SKU-TOY-0275,games,High-quality ultra play dough from PlayZone. Perfect for everyday use. Features premium materials and thoughtful design. This toys product has been carefully crafted to meet the highest standards of quality and performance.,2022-04-09 00:00:00,https://placehold.co/400x400/6366f1/ffffff?text=Play,https://scrapingsandbox.com/product/275,1,17.52,22.6,Out of Stock,2022-04-09,2022,4,April,Affordable,Excellent
276,Portable Whiteboard,HomeNest,Office Supplies,100.95,,4.3,362,0,SKU-OFF-0276,"organization, school, work",High-quality portable whiteboard from HomeNest. Perfect for everyday use. Features premium materials and thoughtful design. This office supplies product has been carefully crafted to meet the highest standards of quality and performance.,2022-05-15 00:00:00,https://placehold.co/400x400/10b981/ffffff?text=Whiteboard,https://scrapingsandbox.com/product/276,0,0.0,0.0,Out of Stock,2022-05-15,2022,5,May,Premium,Very Good
277,Pro Silver Necklace,TasteBud,Jewelry,169.56,278.23,4.6,24,1,SKU-JEW-0277,"handmade, fashion",High-quality pro silver necklace from TasteBud. Perfect for everyday use. Features premium materials and thoughtful design. This jewelry product has been carefully crafted to meet the highest standards of quality and performance.,2022-05-06 00:00:00,https://placehold.co/400x400/06b6d4/ffffff?text=Silver,https://scrapingsandbox.com/product/277,1,108.67,39.06,In Stock,2022-05-06,2022,5,May,Luxury,Excellent
278,Portable Throw Pillow,HomeNest,Home & Garden,62.55,,4.2,279,1,SKU-HOM-0278,"living room, cozy",High-quality portable throw pillow from HomeNest. Perfect for everyday use. Features premium materials and thoughtful design. This home & garden product has been carefully crafted to meet the highest standards of quality and performance.,2023-01-23 00:00:00,https://placehold.co/400x400/06b6d4/ffffff?text=Throw,https://scrapingsandbox.com/product/278,0,0.0,0.0,In Stock,2023-01-23,2023,1,January,Affordable,Very Good
279,Portable Compression Socks,StyleCraft,Sports,21.34,,4.8,12,1,SKU-SPO-0279,outdoor,High-quality portable compression socks from StyleCraft. Perfect for everyday use. Features premium materials and thoughtful design. This sports product has been carefully crafted to meet the highest standards of quality and performance.,2023-10-24 00:00:00,https://placehold.co/400x400/10b981/ffffff?text=Compression,https://scrapingsandbox.com/product/279,0,0.0,0.0,In Stock,2023-10-24,2023,10,October,Budget,Excellent
280,Advanced Amp,PageTurner,Music,179.11,228.56,4.9,471,1,SKU-MUS-0280,"audio, recording, accessories",High-quality advanced amp from PageTurner. Perfect for everyday use. Features premium materials and thoughtful design. This music product has been carefully crafted to meet the highest standards of quality and performance.,2022-03-10 00:00:00,https://placehold.co/400x400/3b82f6/ffffff?text=Amp,https://scrapingsandbox.com/product/280,1,49.45,21.64,In Stock,2022-03-10,2022,3,March,Luxury,Excellent
281,Organic Toner,PawPal,Beauty,33.68,,4.0,425,1,SKU-BEA-0281,"skincare, cosmetics, organic",High-quality organic toner from PawPal. Perfect for everyday use. Features premium materials and thoughtful design. This beauty product has been carefully crafted to meet the highest standards of quality and performance.,2023-04-23 00:00:00,https://placehold.co/400x400/84cc16/ffffff?text=Toner,https://scrapingsandbox.com/product/281,0,0.0,0.0,In Stock,2023-04-23,2023,4,April,Budget,Very Good
282,Vintage Melatonin,SoundWave,Health,72.06,,3.7,489,1,SKU-HEA-0282,"supplements, medical, fitness",High-quality vintage melatonin from SoundWave. Perfect for everyday use. Features premium materials and thoughtful design. This health product has been carefully crafted to meet the highest standards of quality and performance.,2023-08-16 00:00:00,https://placehold.co/400x400/ef4444/ffffff?text=Melatonin,https://scrapingsandbox.com/product/282,0,0.0,0.0,In Stock,2023-08-16,2023,8,August,Affordable,Good
283,Organic Snack Box,GlowUp,Food & Beverage,121.79,171.6,3.8,36,1,SKU-FOO-0283,"organic, gourmet, snacks",High-quality organic snack box from GlowUp. Perfect for everyday use. Features premium materials and thoughtful design. This food & beverage product has been carefully crafted to meet the highest standards of quality and performance.,2022-07-15 00:00:00,https://placehold.co/400x400/8b5cf6/ffffff?text=Snack,https://scrapingsandbox.com/product/283,1,49.81,29.03,In Stock,2022-07-15,2022,7,July,Premium,Good
284,Classic Snack Box,DeskMate,Food & Beverage,55.44,,4.8,7,1,SKU-FOO-0284,"organic, gourmet, snacks",High-quality classic snack box from DeskMate. Perfect for everyday use. Features premium materials and thoughtful design. This food & beverage product has been carefully crafted to meet the highest standards of quality and performance.,2022-04-05 00:00:00,https://placehold.co/400x400/8b5cf6/ffffff?text=Snack,https://scrapingsandbox.com/product/284,0,0.0,0.0,In Stock,2022-04-05,2022,4,April,Affordable,Excellent
285,Heavy-Duty Microphone,ProGear,Electronics,9.7,13.34,3.3,3,1,SKU-ELE-0285,"tech, gadgets, digital",High-quality heavy-duty microphone from ProGear. Perfect for everyday use. Features premium materials and thoughtful design. This electronics product has been carefully crafted to meet the highest standards of quality and performance.,2022-09-09 00:00:00,https://placehold.co/400x400/8b5cf6/ffffff?text=Microphone,https://scrapingsandbox.com/product/285,1,3.64,27.29,In Stock,2022-09-09,2022,9,September,Budget,Average
286,Wireless Jam Collection,SparkleBox,Food & Beverage,107.47,,4.3,165,0,SKU-FOO-0286,"organic, gourmet",High-quality wireless jam collection from SparkleBox. Perfect for everyday use. Features premium materials and thoughtful design. This food & beverage product has been carefully crafted to meet the highest standards of quality and performance.,2023-09-23 00:00:00,https://placehold.co/400x400/3b82f6/ffffff?text=Jam,https://scrapingsandbox.com/product/286,0,0.0,0.0,Out of Stock,2023-09-23,2023,9,September,Premium,Very Good
287,Essential Dried Fruit,AutoParts Pro,Food & Beverage,16.27,,3.7,96,1,SKU-FOO-0287,"gourmet, snacks, drinks",High-quality essential dried fruit from AutoParts Pro. Perfect for everyday use. Features premium materials and thoughtful design. This food & beverage product has been carefully crafted to meet the highest standards of quality and performance.,2023-05-25 00:00:00,https://placehold.co/400x400/6366f1/ffffff?text=Dried,https://scrapingsandbox.com/product/287,0,0.0,0.0,In Stock,2023-05-25,2023,5,May,Budget,Good
288,Advanced Flea Collar,NovaTech,Pet Supplies,192.71,,4.0,225,1,SKU-PET-0288,"dogs, cats",High-quality advanced flea collar from NovaTech. Perfect for everyday use. Features premium materials and thoughtful design. This pet supplies product has been carefully crafted to meet the highest standards of quality and performance.,2022-10-21 00:00:00,https://placehold.co/400x400/f97316/ffffff?text=Flea,https://scrapingsandbox.com/product/288,0,0.0,0.0,In Stock,2022-10-21,2022,10,October,Luxury,Very Good
289,Portable Mechanical Keyboard,NovaTech,Electronics,58.98,82.56,4.5,233,1,SKU-ELE-0289,"gadgets, wireless",High-quality portable mechanical keyboard from NovaTech. Perfect for everyday use. Features premium materials and thoughtful design. This electronics product has been carefully crafted to meet the highest standards of quality and performance.,2023-08-04 00:00:00,https://placehold.co/400x400/8b5cf6/ffffff?text=Mechanical,https://scrapingsandbox.com/product/289,1,23.58,28.56,In Stock,2023-08-04,2023,8,August,Affordable,Excellent
290,Deluxe Pasta Set,UrbanThread,Food & Beverage,74.26,,3.3,47,1,SKU-FOO-0290,"organic, snacks, drinks",High-quality deluxe pasta set from UrbanThread. Perfect for everyday use. Features premium materials and thoughtful design. This food & beverage product has been carefully crafted to meet the highest standards of quality and performance.,2022-08-14 00:00:00,https://placehold.co/400x400/06b6d4/ffffff?text=Pasta,https://scrapingsandbox.com/product/290,0,0.0,0.0,In Stock,2022-08-14,2022,8,August,Affordable,Average
291,Vintage Honey Jar,SparkleBox,Food & Beverage,17.89,25.45,3.6,292,1,SKU-FOO-0291,gourmet,High-quality vintage honey jar from SparkleBox. Perfect for everyday use. Features premium materials and thoughtful design. This food & beverage product has been carefully crafted to meet the highest standards of quality and performance.,2022-04-17 00:00:00,https://placehold.co/400x400/6366f1/ffffff?text=Honey,https://scrapingsandbox.com/product/291,1,7.56,29.71,In Stock,2022-04-17,2022,4,April,Budget,Good
292,Classic Body Lotion,UrbanThread,Beauty,12.7,17.64,4.5,247,0,SKU-BEA-0292,"cosmetics, vegan",High-quality classic body lotion from UrbanThread. Perfect for everyday use. Features premium materials and thoughtful design. This beauty product has been carefully crafted to meet the highest standards of quality and performance.,2023-08-15 00:00:00,https://placehold.co/400x400/f97316/ffffff?text=Body,https://scrapingsandbox.com/product/292,1,4.94,28.0,Out of Stock,2023-08-15,2023,8,August,Budget,Excellent
293,Wireless Envelope Pack,GlowUp,Office Supplies,21.41,,3.5,337,1,SKU-OFF-0293,"stationery, desk, school",High-quality wireless envelope pack from GlowUp. Perfect for everyday use. Features premium materials and thoughtful design. This office supplies product has been carefully crafted to meet the highest standards of quality and performance.,2022-10-16 00:00:00,https://placehold.co/400x400/84cc16/ffffff?text=Envelope,https://scrapingsandbox.com/product/293,0,0.0,0.0,In Stock,2022-10-16,2022,10,October,Budget,Good
294,Eco-Friendly Chain,HomeNest,Jewelry,172.63,,4.6,200,1,SKU-JEW-0294,"accessories, handmade, fashion",High-quality eco-friendly chain from HomeNest. Perfect for everyday use. Features premium materials and thoughtful design. This jewelry product has been carefully crafted to meet the highest standards of quality and performance.,2023-01-18 00:00:00,https://placehold.co/400x400/3b82f6/ffffff?text=Chain,https://scrapingsandbox.com/product/294,0,0.0,0.0,In Stock,2023-01-18,2023,1,January,Luxury,Excellent
295,Heavy-Duty Hair Oil,ProGear,Beauty,52.79,,3.4,96,1,SKU-BEA-0295,"cosmetics, self-care",High-quality heavy-duty hair oil from ProGear. Perfect for everyday use. Features premium materials and thoughtful design. This beauty product has been carefully crafted to meet the highest standards of quality and performance.,2023-08-28 00:00:00,https://placehold.co/400x400/3b82f6/ffffff?text=Hair,https://scrapingsandbox.com/product/295,0,0.0,0.0,In Stock,2023-08-28,2023,8,August,Affordable,Average
296,Organic Wiper Blade,PlayZone,Automotive,201.44,,4.6,266,1,SKU-AUT-0296,"car, accessories, travel",High-quality organic wiper blade from PlayZone. Perfect for everyday use. Features premium materials and thoughtful design. This automotive product has been carefully crafted to meet the highest standards of quality and performance.,2022-01-07 00:00:00,https://placehold.co/400x400/8b5cf6/ffffff?text=Wiper,https://scrapingsandbox.com/product/296,0,0.0,0.0,In Stock,2022-01-07,2022,1,January,Luxury,Excellent
297,Wireless Foam Roller,AutoParts Pro,Sports,194.7,307.83,3.6,4,1,SKU-SPO-0297,"workout, gym",High-quality wireless foam roller from AutoParts Pro. Perfect for everyday use. Features premium materials and thoughtful design. This sports product has been carefully crafted to meet the highest standards of quality and performance.,2023-11-08 00:00:00,https://placehold.co/400x400/ec4899/ffffff?text=Foam,https://scrapingsandbox.com/product/297,1,113.13,36.75,In Stock,2023-11-08,2023,11,November,Luxury,Good
298,Vintage Calculator,TasteBud,Office Supplies,100.01,,3.3,434,1,SKU-OFF-0298,"desk, school, work",High-quality vintage calculator from TasteBud. Perfect for everyday use. Features premium materials and thoughtful design. This office supplies product has been carefully crafted to meet the highest standards of quality and performance.,2022-10-30 00:00:00,https://placehold.co/400x400/06b6d4/ffffff?text=Calculator,https://scrapingsandbox.com/product/298,0,0.0,0.0,In Stock,2022-10-30,2022,10,October,Premium,Average
299,Smart Science Book,ProGear,Books,73.2,,3.5,444,1,SKU-BOO-0299,"reading, literature, education",High-quality smart science book from ProGear. Perfect for everyday use. Features premium materials and thoughtful design. This books product has been carefully crafted to meet the highest standards of quality and performance.,2023-03-11 00:00:00,https://placehold.co/400x400/10b981/ffffff?text=Science,https://scrapingsandbox.com/product/299,0,0.0,0.0,In Stock,2023-03-11,2023,3,March,Affordable,Good
300,Advanced Calligraphy Set,TasteBud,Art,39.94,64.12,4.1,188,1,SKU-ART-0300,"creative, drawing, painting",High-quality advanced calligraphy set from TasteBud. Perfect for everyday use. Features premium materials and thoughtful design. This art product has been carefully crafted to meet the highest standards of quality and performance.,2023-12-04 00:00:00,https://placehold.co/400x400/f97316/ffffff?text=Calligraphy,https://scrapingsandbox.com/product/300,1,24.18,37.71,In Stock,2023-12-04,2023,12,December,Budget,Very Good
301,Ultra MIDI Controller,MindBooks,Music,83.16,,3.1,366,1,SKU-MUS-0301,audio,High-quality ultra midi controller from MindBooks. Perfect for everyday use. Features premium materials and thoughtful design. This music product has been carefully crafted to meet the highest standards of quality and performance.,2022-12-31 00:00:00,https://placehold.co/400x400/06b6d4/ffffff?text=MIDI,https://scrapingsandbox.com/product/301,0,0.0,0.0,In Stock,2022-12-31,2022,12,December,Affordable,Average
302,Modern Oil Filter,TasteBud,Automotive,146.29,,4.1,432,1,SKU-AUT-0302,"car, maintenance, travel",High-quality modern oil filter from TasteBud. Perfect for everyday use. Features premium materials and thoughtful design. This automotive product has been carefully crafted to meet the highest standards of quality and performance.,2022-01-19 00:00:00,https://placehold.co/400x400/10b981/ffffff?text=Oil,https://scrapingsandbox.com/product/302,0,0.0,0.0,In Stock,2022-01-19,2022,1,January,Premium,Very Good
303,Compact Mouse Pad,SoundWave,Electronics,81.42,,4.0,244,1,SKU-ELE-0303,"tech, gadgets, digital",High-quality compact mouse pad from SoundWave. Perfect for everyday use. Features premium materials and thoughtful design. This electronics product has been carefully crafted to meet the highest standards of quality and performance.,2023-01-16 00:00:00,https://placehold.co/400x400/84cc16/ffffff?text=Mouse,https://scrapingsandbox.com/product/303,0,0.0,0.0,In Stock,2023-01-16,2023,1,January,Affordable,Very Good
304,Pro Vitamin Pack,MindBooks,Health,84.0,111.18,4.3,350,1,SKU-HEA-0304,"wellness, supplements, fitness",High-quality pro vitamin pack from MindBooks. Perfect for everyday use. Features premium materials and thoughtful design. This health product has been carefully crafted to meet the highest standards of quality and performance.,2023-07-05 00:00:00,https://placehold.co/400x400/8b5cf6/ffffff?text=Vitamin,https://scrapingsandbox.com/product/304,1,27.18,24.45,In Stock,2023-07-05,2023,7,July,Affordable,Very Good
305,Portable Stuffed Animal,UrbanThread,Toys,79.08,,3.2,52,1,SKU-TOY-0305,"educational, creative",High-quality portable stuffed animal from UrbanThread. Perfect for everyday use. Features premium materials and thoughtful design. This toys product has been carefully crafted to meet the highest standards of quality and performance.,2022-07-11 00:00:00,https://placehold.co/400x400/f97316/ffffff?text=Stuffed,https://scrapingsandbox.com/product/305,0,0.0,0.0,In Stock,2022-07-11,2022,7,July,Affordable,Average
306,Wireless Joggers,TasteBud,Clothing,181.84,240.5,3.2,144,1,SKU-CLO-0306,"fashion, apparel, streetwear",High-quality wireless joggers from TasteBud. Perfect for everyday use. Features premium materials and thoughtful design. This clothing product has been carefully crafted to meet the highest standards of quality and performance.,2023-10-28 00:00:00,https://placehold.co/400x400/8b5cf6/ffffff?text=Joggers,https://scrapingsandbox.com/product/306,1,58.66,24.39,In Stock,2023-10-28,2023,10,October,Luxury,Average
307,Professional Air Freshener,PlayZone,Automotive,148.02,,4.8,80,1,SKU-AUT-0307,"car, accessories, maintenance",High-quality professional air freshener from PlayZone. Perfect for everyday use. Features premium materials and thoughtful design. This automotive product has been carefully crafted to meet the highest standards of quality and performance.,2023-07-25 00:00:00,https://placehold.co/400x400/3b82f6/ffffff?text=Air,https://scrapingsandbox.com/product/307,0,0.0,0.0,In Stock,2023-07-25,2023,7,July,Premium,Excellent
308,Premium Easel,AutoParts Pro,Art,125.0,,3.7,332,0,SKU-ART-0308,"creative, drawing",High-quality premium easel from AutoParts Pro. Perfect for everyday use. Features premium materials and thoughtful design. This art product has been carefully crafted to meet the highest standards of quality and performance.,2022-02-01 00:00:00,https://placehold.co/400x400/3b82f6/ffffff?text=Easel,https://scrapingsandbox.com/product/308,0,0.0,0.0,Out of Stock,2022-02-01,2022,2,February,Premium,Good
309,Advanced Stud Earrings,TasteBud,Jewelry,19.77,27.55,3.5,60,1,SKU-JEW-0309,fashion,High-quality advanced stud earrings from TasteBud. Perfect for everyday use. Features premium materials and thoughtful design. This jewelry product has been carefully crafted to meet the highest standards of quality and performance.,2023-05-29 00:00:00,https://placehold.co/400x400/8b5cf6/ffffff?text=Stud,https://scrapingsandbox.com/product/309,1,7.78,28.24,In Stock,2023-05-29,2023,5,May,Budget,Good
310,Portable Robot Kit,PlayZone,Toys,107.24,,4.9,441,1,SKU-TOY-0310,"kids, games",High-quality portable robot kit from PlayZone. Perfect for everyday use. Features premium materials and thoughtful design. This toys product has been carefully crafted to meet the highest standards of quality and performance.,2023-11-29 00:00:00,https://placehold.co/400x400/f59e0b/ffffff?text=Robot,https://scrapingsandbox.com/product/310,0,0.0,0.0,In Stock,2023-11-29,2023,11,November,Premium,Excellent
311,Compact Mug Set,UrbanThread,Home & Garden,191.35,,4.6,23,1,SKU-HOM-0311,decor,High-quality compact mug set from UrbanThread. Perfect for everyday use. Features premium materials and thoughtful design. This home & garden product has been carefully crafted to meet the highest standards of quality and performance.,2023-01-21 00:00:00,https://placehold.co/400x400/84cc16/ffffff?text=Mug,https://scrapingsandbox.com/product/311,0,0.0,0.0,In Stock,2023-01-21,2023,1,January,Luxury,Excellent
312,Essential Science Book,FitPro,Books,130.86,,4.7,38,1,SKU-BOO-0312,"education, bestseller, paperback",High-quality essential science book from FitPro. Perfect for everyday use. Features premium materials and thoughtful design. This books product has been carefully crafted to meet the highest standards of quality and performance.,2023-01-31 00:00:00,https://placehold.co/400x400/ef4444/ffffff?text=Science,https://scrapingsandbox.com/product/312,0,0.0,0.0,In Stock,2023-01-31,2023,1,January,Premium,Excellent
313,Lightweight Biography,CozyCorner,Books,189.7,,4.6,2,1,SKU-BOO-0313,"literature, education, bestseller",High-quality lightweight biography from CozyCorner. Perfect for everyday use. Features premium materials and thoughtful design. This books product has been carefully crafted to meet the highest standards of quality and performance.,2023-07-19 00:00:00,https://placehold.co/400x400/f97316/ffffff?text=Biography,https://scrapingsandbox.com/product/313,0,0.0,0.0,In Stock,2023-07-19,2023,7,July,Luxury,Excellent
314,Organic Eye Cream,GlowUp,Beauty,5.12,8.1,3.8,176,1,SKU-BEA-0314,"skincare, cosmetics, self-care",High-quality organic eye cream from GlowUp. Perfect for everyday use. Features premium materials and thoughtful design. This beauty product has been carefully crafted to meet the highest standards of quality and performance.,2022-12-23 00:00:00,https://placehold.co/400x400/84cc16/ffffff?text=Eye,https://scrapingsandbox.com/product/314,1,2.98,36.79,In Stock,2022-12-23,2022,12,December,Budget,Good
315,Premium Omega-3 Capsules,StyleCraft,Health,115.44,160.29,3.6,98,1,SKU-HEA-0315,wellness,High-quality premium omega-3 capsules from StyleCraft. Perfect for everyday use. Features premium materials and thoughtful design. This health product has been carefully crafted to meet the highest standards of quality and performance.,2022-02-20 00:00:00,https://placehold.co/400x400/6366f1/ffffff?text=Omega-3,https://scrapingsandbox.com/product/315,1,44.85,27.98,In Stock,2022-02-20,2022,2,February,Premium,Good
316,Deluxe SSD Drive,ArtisanHub,Electronics,8.33,,4.2,0,1,SKU-ELE-0316,"tech, wireless, USB",High-quality deluxe ssd drive from ArtisanHub. Perfect for everyday use. Features premium materials and thoughtful design. This electronics product has been carefully crafted to meet the highest standards of quality and performance.,2022-08-30 00:00:00,https://placehold.co/400x400/6366f1/ffffff?text=SSD,https://scrapingsandbox.com/product/316,0,0.0,0.0,In Stock,2022-08-30,2022,8,August,Budget,Very Good
317,Ultra Bangle,TasteBud,Jewelry,194.15,259.67,5.0,188,1,SKU-JEW-0317,"luxury, handmade, sterling",High-quality ultra bangle from TasteBud. Perfect for everyday use. Features premium materials and thoughtful design. This jewelry product has been carefully crafted to meet the highest standards of quality and performance.,2023-01-10 00:00:00,https://placehold.co/400x400/06b6d4/ffffff?text=Bangle,https://scrapingsandbox.com/product/317,1,65.52,25.23,In Stock,2023-01-10,2023,1,January,Luxury,Excellent
318,Premium Stuffed Animal,VitalLife,Toys,97.99,,3.0,498,1,SKU-TOY-0318,fun,High-quality premium stuffed animal from VitalLife. Perfect for everyday use. Features premium materials and thoughtful design. This toys product has been carefully crafted to meet the highest standards of quality and performance.,2022-01-03 00:00:00,https://placehold.co/400x400/f97316/ffffff?text=Stuffed,https://scrapingsandbox.com/product/318,0,0.0,0.0,In Stock,2022-01-03,2022,1,January,Affordable,Average
319,Vintage Sheet Music,ProGear,Music,12.46,16.46,3.4,119,1,SKU-MUS-0319,"instruments, recording",High-quality vintage sheet music from ProGear. Perfect for everyday use. Features premium materials and thoughtful design. This music product has been carefully crafted to meet the highest standards of quality and performance.,2023-05-02 00:00:00,https://placehold.co/400x400/f59e0b/ffffff?text=Sheet,https://scrapingsandbox.com/product/319,1,4.0,24.3,In Stock,2023-05-02,2023,5,May,Budget,Average
320,Wireless Stapler,MindBooks,Office Supplies,43.41,62.5,3.6,219,1,SKU-OFF-0320,"organization, school",High-quality wireless stapler from MindBooks. Perfect for everyday use. Features premium materials and thoughtful design. This office supplies product has been carefully crafted to meet the highest standards of quality and performance.,2023-10-10 00:00:00,https://placehold.co/400x400/84cc16/ffffff?text=Stapler,https://scrapingsandbox.com/product/320,1,19.09,30.54,In Stock,2023-10-10,2023,10,October,Budget,Good
321,Wireless Food Bowl,UrbanThread,Pet Supplies,131.25,,4.1,19,1,SKU-PET-0321,"pets, grooming, food",High-quality wireless food bowl from UrbanThread. Perfect for everyday use. Features premium materials and thoughtful design. This pet supplies product has been carefully crafted to meet the highest standards of quality and performance.,2022-07-08 00:00:00,https://placehold.co/400x400/3b82f6/ffffff?text=Food,https://scrapingsandbox.com/product/321,0,0.0,0.0,In Stock,2022-07-08,2022,7,July,Premium,Very Good
322,Handcrafted Carving Tools,HomeNest,Art,147.17,,4.9,277,1,SKU-ART-0322,"supplies, crafts",High-quality handcrafted carving tools from HomeNest. Perfect for everyday use. Features premium materials and thoughtful design. This art product has been carefully crafted to meet the highest standards of quality and performance.,2022-03-16 00:00:00,https://placehold.co/400x400/f97316/ffffff?text=Carving,https://scrapingsandbox.com/product/322,0,0.0,0.0,In Stock,2022-03-16,2022,3,March,Premium,Excellent
323,Classic Probiotics,SoundWave,Health,25.28,38.25,3.9,104,1,SKU-HEA-0323,"wellness, medical",High-quality classic probiotics from SoundWave. Perfect for everyday use. Features premium materials and thoughtful design. This health product has been carefully crafted to meet the highest standards of quality and performance.,2023-10-23 00:00:00,https://placehold.co/400x400/f97316/ffffff?text=Probiotics,https://scrapingsandbox.com/product/323,1,12.97,33.91,In Stock,2023-10-23,2023,10,October,Budget,Good
324,Eco-Friendly Dumbbell Set,SparkleBox,Sports,87.11,134.16,3.7,109,1,SKU-SPO-0324,"fitness, outdoor, gym",High-quality eco-friendly dumbbell set from SparkleBox. Perfect for everyday use. Features premium materials and thoughtful design. This sports product has been carefully crafted to meet the highest standards of quality and performance.,2023-03-23 00:00:00,https://placehold.co/400x400/06b6d4/ffffff?text=Dumbbell,https://scrapingsandbox.com/product/324,1,47.05,35.07,In Stock,2023-03-23,2023,3,March,Affordable,Good
325,Portable Aquarium Plant,HomeNest,Pet Supplies,81.27,,4.3,412,1,SKU-PET-0325,cats,High-quality portable aquarium plant from HomeNest. Perfect for everyday use. Features premium materials and thoughtful design. This pet supplies product has been carefully crafted to meet the highest standards of quality and performance.,2023-03-03 00:00:00,https://placehold.co/400x400/8b5cf6/ffffff?text=Aquarium,https://scrapingsandbox.com/product/325,0,0.0,0.0,In Stock,2023-03-03,2023,3,March,Affordable,Very Good
326,Vintage Table Runner,ProGear,Home & Garden,61.12,,3.2,170,0,SKU-HOM-0326,"kitchen, garden, cozy",High-quality vintage table runner from ProGear. Perfect for everyday use. Features premium materials and thoughtful design. This home & garden product has been carefully crafted to meet the highest standards of quality and performance.,2022-01-19 00:00:00,https://placehold.co/400x400/10b981/ffffff?text=Table,https://scrapingsandbox.com/product/326,0,0.0,0.0,Out of Stock,2022-01-19,2022,1,January,Affordable,Average
327,Portable Pop Filter,SoundWave,Music,123.12,,4.1,394,1,SKU-MUS-0327,"audio, accessories, performance",High-quality portable pop filter from SoundWave. Perfect for everyday use. Features premium materials and thoughtful design. This music product has been carefully crafted to meet the highest standards of quality and performance.,2022-05-15 00:00:00,https://placehold.co/400x400/ec4899/ffffff?text=Pop,https://scrapingsandbox.com/product/327,0,0.0,0.0,In Stock,2022-05-15,2022,5,May,Premium,Very Good
328,Lightweight Children's Book,VitalLife,Books,121.56,,3.3,321,0,SKU-BOO-0328,reading,High-quality lightweight children's book from VitalLife. Perfect for everyday use. Features premium materials and thoughtful design. This books product has been carefully crafted to meet the highest standards of quality and performance.,2022-01-16 00:00:00,https://placehold.co/400x400/3b82f6/ffffff?text=Children's,https://scrapingsandbox.com/product/328,0,0.0,0.0,Out of Stock,2022-01-16,2022,1,January,Premium,Average
329,Heavy-Duty Gaming Mouse,AutoParts Pro,Electronics,149.4,209.47,4.8,80,0,SKU-ELE-0329,"tech, digital",High-quality heavy-duty gaming mouse from AutoParts Pro. Perfect for everyday use. Features premium materials and thoughtful design. This electronics product has been carefully crafted to meet the highest standards of quality and performance.,2022-07-16 00:00:00,https://placehold.co/400x400/6366f1/ffffff?text=Gaming,https://scrapingsandbox.com/product/329,1,60.07,28.68,Out of Stock,2022-07-16,2022,7,July,Premium,Excellent
330,Ultra Synthesizer Patch,AutoParts Pro,Music,155.11,,4.5,404,1,SKU-MUS-0330,"audio, performance",High-quality ultra synthesizer patch from AutoParts Pro. Perfect for everyday use. Features premium materials and thoughtful design. This music product has been carefully crafted to meet the highest standards of quality and performance.,2022-11-22 00:00:00,https://placehold.co/400x400/10b981/ffffff?text=Synthesizer,https://scrapingsandbox.com/product/330,0,0.0,0.0,In Stock,2022-11-22,2022,11,November,Luxury,Excellent
331,Classic Tape Dispenser,TasteBud,Office Supplies,176.51,263.01,3.2,142,1,SKU-OFF-0331,"stationery, school, work",High-quality classic tape dispenser from TasteBud. Perfect for everyday use. Features premium materials and thoughtful design. This office supplies product has been carefully crafted to meet the highest standards of quality and performance.,2023-09-13 00:00:00,https://placehold.co/400x400/10b981/ffffff?text=Tape,https://scrapingsandbox.com/product/331,1,86.5,32.89,In Stock,2023-09-13,2023,9,September,Luxury,Average
332,Lightweight Coaster Set,TechVault,Home & Garden,193.52,,4.2,249,0,SKU-HOM-0332,"decor, living room",High-quality lightweight coaster set from TechVault. Perfect for everyday use. Features premium materials and thoughtful design. This home & garden product has been carefully crafted to meet the highest standards of quality and performance.,2022-04-15 00:00:00,https://placehold.co/400x400/3b82f6/ffffff?text=Coaster,https://scrapingsandbox.com/product/332,0,0.0,0.0,Out of Stock,2022-04-15,2022,4,April,Luxury,Very Good
333,Heavy-Duty Trunk Organizer,CozyCorner,Automotive,51.77,,4.0,85,1,SKU-AUT-0333,"car, accessories, maintenance",High-quality heavy-duty trunk organizer from CozyCorner. Perfect for everyday use. Features premium materials and thoughtful design. This automotive product has been carefully crafted to meet the highest standards of quality and performance.,2023-02-19 00:00:00,https://placehold.co/400x400/6366f1/ffffff?text=Trunk,https://scrapingsandbox.com/product/333,0,0.0,0.0,In Stock,2023-02-19,2023,2,February,Affordable,Very Good
334,Essential Desk Organizer,PlayZone,Office Supplies,185.73,,4.7,269,1,SKU-OFF-0334,"stationery, organization, school",High-quality essential desk organizer from PlayZone. Perfect for everyday use. Features premium materials and thoughtful design. This office supplies product has been carefully crafted to meet the highest standards of quality and performance.,2022-08-25 00:00:00,https://placehold.co/400x400/8b5cf6/ffffff?text=Desk,https://scrapingsandbox.com/product/334,0,0.0,0.0,In Stock,2022-08-25,2022,8,August,Luxury,Excellent
335,Ultra Spark Plug,PlayZone,Automotive,110.93,,4.7,1,1,SKU-AUT-0335,"car, accessories, safety",High-quality ultra spark plug from PlayZone. Perfect for everyday use. Features premium materials and thoughtful design. This automotive product has been carefully crafted to meet the highest standards of quality and performance.,2022-06-01 00:00:00,https://placehold.co/400x400/8b5cf6/ffffff?text=Spark,https://scrapingsandbox.com/product/335,0,0.0,0.0,In Stock,2022-06-01,2022,6,June,Premium,Excellent
336,Classic Pendant,AutoParts Pro,Jewelry,158.89,,4.9,248,1,SKU-JEW-0336,"accessories, luxury, fashion",High-quality classic pendant from AutoParts Pro. Perfect for everyday use. Features premium materials and thoughtful design. This jewelry product has been carefully crafted to meet the highest standards of quality and performance.,2022-04-28 00:00:00,https://placehold.co/400x400/84cc16/ffffff?text=Pendant,https://scrapingsandbox.com/product/336,0,0.0,0.0,In Stock,2022-04-28,2022,4,April,Luxury,Excellent
337,Vintage Tiara,GlowUp,Jewelry,116.86,,4.7,68,1,SKU-JEW-0337,"luxury, handmade, sterling",High-quality vintage tiara from GlowUp. Perfect for everyday use. Features premium materials and thoughtful design. This jewelry product has been carefully crafted to meet the highest standards of quality and performance.,2023-02-06 00:00:00,https://placehold.co/400x400/ec4899/ffffff?text=Tiara,https://scrapingsandbox.com/product/337,0,0.0,0.0,In Stock,2023-02-06,2023,2,February,Premium,Excellent
338,Modern Perfume,GlowUp,Beauty,202.59,,3.9,470,1,SKU-BEA-0338,"skincare, cosmetics, organic",High-quality modern perfume from GlowUp. Perfect for everyday use. Features premium materials and thoughtful design. This beauty product has been carefully crafted to meet the highest standards of quality and performance.,2022-11-01 00:00:00,https://placehold.co/400x400/06b6d4/ffffff?text=Perfume,https://scrapingsandbox.com/product/338,0,0.0,0.0,In Stock,2022-11-01,2022,11,November,Luxury,Good
339,Professional Color Wheel,SoundWave,Art,13.45,,4.0,317,1,SKU-ART-0339,"supplies, creative",High-quality professional color wheel from SoundWave. Perfect for everyday use. Features premium materials and thoughtful design. This art product has been carefully crafted to meet the highest standards of quality and performance.,2022-08-11 00:00:00,https://placehold.co/400x400/10b981/ffffff?text=Color,https://scrapingsandbox.com/product/339,0,0.0,0.0,In Stock,2022-08-11,2022,8,August,Budget,Very Good
340,Ultra Wall Art,AutoParts Pro,Home & Garden,93.41,,3.8,474,1,SKU-HOM-0340,"kitchen, cozy",High-quality ultra wall art from AutoParts Pro. Perfect for everyday use. Features premium materials and thoughtful design. This home & garden product has been carefully crafted to meet the highest standards of quality and performance.,2023-04-28 00:00:00,https://placehold.co/400x400/f59e0b/ffffff?text=Wall,https://scrapingsandbox.com/product/340,0,0.0,0.0,In Stock,2023-04-28,2023,4,April,Affordable,Good
341,Smart Dumbbell Set,StyleCraft,Sports,147.22,185.81,4.1,432,1,SKU-SPO-0341,training,High-quality smart dumbbell set from StyleCraft. Perfect for everyday use. Features premium materials and thoughtful design. This sports product has been carefully crafted to meet the highest standards of quality and performance.,2023-04-16 00:00:00,https://placehold.co/400x400/06b6d4/ffffff?text=Dumbbell,https://scrapingsandbox.com/product/341,1,38.59,20.77,In Stock,2023-04-16,2023,4,April,Premium,Very Good
342,Pro Charger,PawPal,Electronics,45.06,,3.7,36,0,SKU-ELE-0342,USB,High-quality pro charger from PawPal. Perfect for everyday use. Features premium materials and thoughtful design. This electronics product has been carefully crafted to meet the highest standards of quality and performance.,2023-10-03 00:00:00,https://placehold.co/400x400/ec4899/ffffff?text=Charger,https://scrapingsandbox.com/product/342,0,0.0,0.0,Out of Stock,2023-10-03,2023,10,October,Budget,Good
343,Portable Business Book,FitPro,Books,192.55,262.58,3.1,55,1,SKU-BOO-0343,reading,High-quality portable business book from FitPro. Perfect for everyday use. Features premium materials and thoughtful design. This books product has been carefully crafted to meet the highest standards of quality and performance.,2022-07-21 00:00:00,https://placehold.co/400x400/3b82f6/ffffff?text=Business,https://scrapingsandbox.com/product/343,1,70.03,26.67,In Stock,2022-07-21,2022,7,July,Luxury,Average
344,Professional Popcorn Pack,PageTurner,Food & Beverage,122.84,150.39,3.1,372,1,SKU-FOO-0344,"organic, gourmet, snacks",High-quality professional popcorn pack from PageTurner. Perfect for everyday use. Features premium materials and thoughtful design. This food & beverage product has been carefully crafted to meet the highest standards of quality and performance.,2022-05-29 00:00:00,https://placehold.co/400x400/6366f1/ffffff?text=Popcorn,https://scrapingsandbox.com/product/344,1,27.55,18.32,In Stock,2022-05-29,2022,5,May,Premium,Average
345,Deluxe Phone Case,PlayZone,Electronics,110.14,161.23,3.0,394,1,SKU-ELE-0345,digital,High-quality deluxe phone case from PlayZone. Perfect for everyday use. Features premium materials and thoughtful design. This electronics product has been carefully crafted to meet the highest standards of quality and performance.,2022-06-12 00:00:00,https://placehold.co/400x400/f59e0b/ffffff?text=Phone,https://scrapingsandbox.com/product/345,1,51.09,31.69,In Stock,2022-06-12,2022,6,June,Premium,Average
346,Vintage Yoga Mat,MindBooks,Sports,27.71,,3.6,434,1,SKU-SPO-0346,"fitness, training",High-quality vintage yoga mat from MindBooks. Perfect for everyday use. Features premium materials and thoughtful design. This sports product has been carefully crafted to meet the highest standards of quality and performance.,2023-07-22 00:00:00,https://placehold.co/400x400/84cc16/ffffff?text=Yoga,https://scrapingsandbox.com/product/346,0,0.0,0.0,In Stock,2023-07-22,2023,7,July,Budget,Good
347,Pro Toner,PlayZone,Beauty,147.87,,3.6,368,0,SKU-BEA-0347,"skincare, cosmetics, organic",High-quality pro toner from PlayZone. Perfect for everyday use. Features premium materials and thoughtful design. This beauty product has been carefully crafted to meet the highest standards of quality and performance.,2022-09-01 00:00:00,https://placehold.co/400x400/ec4899/ffffff?text=Toner,https://scrapingsandbox.com/product/347,0,0.0,0.0,Out of Stock,2022-09-01,2022,9,September,Premium,Good
348,Handcrafted Popcorn Pack,HomeNest,Food & Beverage,123.43,,3.8,66,1,SKU-FOO-0348,"drinks, artisan",High-quality handcrafted popcorn pack from HomeNest. Perfect for everyday use. Features premium materials and thoughtful design. This food & beverage product has been carefully crafted to meet the highest standards of quality and performance.,2022-07-31 00:00:00,https://placehold.co/400x400/f59e0b/ffffff?text=Popcorn,https://scrapingsandbox.com/product/348,0,0.0,0.0,In Stock,2022-07-31,2022,7,July,Premium,Good
349,Vintage Massage Gun,SparkleBox,Health,184.15,283.37,3.0,41,1,SKU-HEA-0349,wellness,High-quality vintage massage gun from SparkleBox. Perfect for everyday use. Features premium materials and thoughtful design. This health product has been carefully crafted to meet the highest standards of quality and performance.,2022-09-15 00:00:00,https://placehold.co/400x400/f59e0b/ffffff?text=Massage,https://scrapingsandbox.com/product/349,1,99.22,35.01,In Stock,2022-09-15,2022,9,September,Luxury,Average
350,Portable Hoop Earrings,ProGear,Jewelry,47.61,77.11,3.6,240,1,SKU-JEW-0350,"accessories, luxury, handmade",High-quality portable hoop earrings from ProGear. Perfect for everyday use. Features premium materials and thoughtful design. This jewelry product has been carefully crafted to meet the highest standards of quality and performance.,2022-07-10 00:00:00,https://placehold.co/400x400/3b82f6/ffffff?text=Hoop,https://scrapingsandbox.com/product/350,1,29.5,38.26,In Stock,2022-07-10,2022,7,July,Budget,Good
351,Wireless Floor Mat,SoundWave,Automotive,88.69,,4.7,7,1,SKU-AUT-0351,"car, accessories, maintenance",High-quality wireless floor mat from SoundWave. Perfect for everyday use. Features premium materials and thoughtful design. This automotive product has been carefully crafted to meet the highest standards of quality and performance.,2023-11-09 00:00:00,https://placehold.co/400x400/3b82f6/ffffff?text=Floor,https://scrapingsandbox.com/product/351,0,0.0,0.0,In Stock,2023-11-09,2023,11,November,Affordable,Excellent
352,Limited Edition Wireless Earbuds,SoundWave,Electronics,20.59,30.64,4.4,135,1,SKU-ELE-0352,"tech, digital",High-quality limited edition wireless earbuds from SoundWave. Perfect for everyday use. Features premium materials and thoughtful design. This electronics product has been carefully crafted to meet the highest standards of quality and performance.,2023-06-09 00:00:00,https://placehold.co/400x400/10b981/ffffff?text=Wireless,https://scrapingsandbox.com/product/352,1,10.05,32.8,In Stock,2023-06-09,2023,6,June,Budget,Very Good
353,Limited Edition Charger,VitalLife,Electronics,17.03,,3.4,101,1,SKU-ELE-0353,"tech, wireless, USB",High-quality limited edition charger from VitalLife. Perfect for everyday use. Features premium materials and thoughtful design. This electronics product has been carefully crafted to meet the highest standards of quality and performance.,2023-06-18 00:00:00,https://placehold.co/400x400/ef4444/ffffff?text=Charger,https://scrapingsandbox.com/product/353,0,0.0,0.0,In Stock,2023-06-18,2023,6,June,Budget,Average
354,Eco-Friendly Kite,StyleCraft,Toys,118.29,152.28,4.8,407,1,SKU-TOY-0354,kids,High-quality eco-friendly kite from StyleCraft. Perfect for everyday use. Features premium materials and thoughtful design. This toys product has been carefully crafted to meet the highest standards of quality and performance.,2022-05-12 00:00:00,https://placehold.co/400x400/06b6d4/ffffff?text=Kite,https://scrapingsandbox.com/product/354,1,33.99,22.32,In Stock,2022-05-12,2022,5,May,Premium,Excellent
355,Ultra Bubble Machine,ArtisanHub,Toys,149.1,232.81,4.7,498,1,SKU-TOY-0355,"kids, creative",High-quality ultra bubble machine from ArtisanHub. Perfect for everyday use. Features premium materials and thoughtful design. This toys product has been carefully crafted to meet the highest standards of quality and performance.,2022-03-16 00:00:00,https://placehold.co/400x400/8b5cf6/ffffff?text=Bubble,https://scrapingsandbox.com/product/355,1,83.71,35.96,In Stock,2022-03-16,2022,3,March,Premium,Excellent
356,Smart Bookend,ProGear,Home & Garden,151.96,238.09,3.2,230,1,SKU-HOM-0356,"decor, kitchen, garden",High-quality smart bookend from ProGear. Perfect for everyday use. Features premium materials and thoughtful design. This home & garden product has been carefully crafted to meet the highest standards of quality and performance.,2023-11-19 00:00:00,https://placehold.co/400x400/06b6d4/ffffff?text=Bookend,https://scrapingsandbox.com/product/356,1,86.13,36.18,In Stock,2023-11-19,2023,11,November,Luxury,Average
357,Lightweight Sneakers,DeskMate,Clothing,200.94,,4.0,157,1,SKU-CLO-0357,"apparel, streetwear, casual",High-quality lightweight sneakers from DeskMate. Perfect for everyday use. Features premium materials and thoughtful design. This clothing product has been carefully crafted to meet the highest standards of quality and performance.,2023-11-13 00:00:00,https://placehold.co/400x400/06b6d4/ffffff?text=Sneakers,https://scrapingsandbox.com/product/357,0,0.0,0.0,In Stock,2023-11-13,2023,11,November,Luxury,Very Good
358,Classic Coconut Water,DeskMate,Food & Beverage,151.61,,4.3,333,0,SKU-FOO-0358,snacks,High-quality classic coconut water from DeskMate. Perfect for everyday use. Features premium materials and thoughtful design. This food & beverage product has been carefully crafted to meet the highest standards of quality and performance.,2023-11-19 00:00:00,https://placehold.co/400x400/84cc16/ffffff?text=Coconut,https://scrapingsandbox.com/product/358,0,0.0,0.0,Out of Stock,2023-11-19,2023,11,November,Luxury,Very Good
359,Compact Gaming Mouse,PageTurner,Electronics,146.92,,4.4,351,1,SKU-ELE-0359,"tech, gadgets, digital",High-quality compact gaming mouse from PageTurner. Perfect for everyday use. Features premium materials and thoughtful design. This electronics product has been carefully crafted to meet the highest standards of quality and performance.,2022-02-04 00:00:00,https://placehold.co/400x400/84cc16/ffffff?text=Gaming,https://scrapingsandbox.com/product/359,0,0.0,0.0,In Stock,2022-02-04,2022,2,February,Premium,Very Good
360,Pro Calculator,SoundWave,Office Supplies,174.36,,3.4,227,1,SKU-OFF-0360,organization,High-quality pro calculator from SoundWave. Perfect for everyday use. Features premium materials and thoughtful design. This office supplies product has been carefully crafted to meet the highest standards of quality and performance.,2022-06-01 00:00:00,https://placehold.co/400x400/f59e0b/ffffff?text=Calculator,https://scrapingsandbox.com/product/360,0,0.0,0.0,In Stock,2022-06-01,2022,6,June,Luxury,Average
361,Premium Color Wheel,ArtisanHub,Art,196.92,268.22,3.9,476,1,SKU-ART-0361,supplies,High-quality premium color wheel from ArtisanHub. Perfect for everyday use. Features premium materials and thoughtful design. This art product has been carefully crafted to meet the highest standards of quality and performance.,2023-09-06 00:00:00,https://placehold.co/400x400/06b6d4/ffffff?text=Color,https://scrapingsandbox.com/product/361,1,71.3,26.58,In Stock,2023-09-06,2023,9,September,Luxury,Good
362,Lightweight Scale,AutoParts Pro,Health,184.17,250.22,3.7,140,1,SKU-HEA-0362,"wellness, supplements, medical",High-quality lightweight scale from AutoParts Pro. Perfect for everyday use. Features premium materials and thoughtful design. This health product has been carefully crafted to meet the highest standards of quality and performance.,2022-02-21 00:00:00,https://placehold.co/400x400/ef4444/ffffff?text=Scale,https://scrapingsandbox.com/product/362,1,66.05,26.4,In Stock,2022-02-21,2022,2,February,Luxury,Good
363,Compact Windbreaker,PlayZone,Clothing,100.19,162.71,4.6,195,1,SKU-CLO-0363,"fashion, streetwear, casual",High-quality compact windbreaker from PlayZone. Perfect for everyday use. Features premium materials and thoughtful design. This clothing product has been carefully crafted to meet the highest standards of quality and performance.,2022-11-21 00:00:00,https://placehold.co/400x400/84cc16/ffffff?text=Windbreaker,https://scrapingsandbox.com/product/363,1,62.52,38.42,In Stock,2022-11-21,2022,11,November,Premium,Excellent
364,Essential Moisturizer,SparkleBox,Beauty,144.11,,3.6,242,1,SKU-BEA-0364,organic,High-quality essential moisturizer from SparkleBox. Perfect for everyday use. Features premium materials and thoughtful design. This beauty product has been carefully crafted to meet the highest standards of quality and performance.,2023-07-27 00:00:00,https://placehold.co/400x400/3b82f6/ffffff?text=Moisturizer,https://scrapingsandbox.com/product/364,0,0.0,0.0,In Stock,2023-07-27,2023,7,July,Premium,Good
365,Modern Marker Pack,MindBooks,Art,18.68,,4.3,121,1,SKU-ART-0365,"supplies, creative, painting",High-quality modern marker pack from MindBooks. Perfect for everyday use. Features premium materials and thoughtful design. This art product has been carefully crafted to meet the highest standards of quality and performance.,2022-12-30 00:00:00,https://placehold.co/400x400/84cc16/ffffff?text=Marker,https://scrapingsandbox.com/product/365,0,0.0,0.0,In Stock,2022-12-30,2022,12,December,Budget,Very Good
366,Ultra Label Maker,PageTurner,Office Supplies,108.75,164.67,4.6,387,1,SKU-OFF-0366,"desk, organization, school",High-quality ultra label maker from PageTurner. Perfect for everyday use. Features premium materials and thoughtful design. This office supplies product has been carefully crafted to meet the highest standards of quality and performance.,2022-10-11 00:00:00,https://placehold.co/400x400/10b981/ffffff?text=Label,https://scrapingsandbox.com/product/366,1,55.92,33.96,In Stock,2022-10-11,2022,10,October,Premium,Excellent
367,Compact Ring Light,PlayZone,Electronics,9.67,,4.0,56,1,SKU-ELE-0367,"gadgets, USB",High-quality compact ring light from PlayZone. Perfect for everyday use. Features premium materials and thoughtful design. This electronics product has been carefully crafted to meet the highest standards of quality and performance.,2023-12-15 00:00:00,https://placehold.co/400x400/8b5cf6/ffffff?text=Ring,https://scrapingsandbox.com/product/367,0,0.0,0.0,In Stock,2023-12-15,2023,12,December,Budget,Very Good
368,Pro Matcha Powder,GlowUp,Food & Beverage,61.14,,4.4,134,1,SKU-FOO-0368,"organic, drinks, artisan",High-quality pro matcha powder from GlowUp. Perfect for everyday use. Features premium materials and thoughtful design. This food & beverage product has been carefully crafted to meet the highest standards of quality and performance.,2022-12-03 00:00:00,https://placehold.co/400x400/10b981/ffffff?text=Matcha,https://scrapingsandbox.com/product/368,0,0.0,0.0,In Stock,2022-12-03,2022,12,December,Affordable,Very Good
369,Lightweight Fantasy Epic,VitalLife,Books,83.62,,3.8,461,1,SKU-BOO-0369,"reading, education, paperback",High-quality lightweight fantasy epic from VitalLife. Perfect for everyday use. Features premium materials and thoughtful design. This books product has been carefully crafted to meet the highest standards of quality and performance.,2022-12-10 00:00:00,https://placehold.co/400x400/8b5cf6/ffffff?text=Fantasy,https://scrapingsandbox.com/product/369,0,0.0,0.0,In Stock,2022-12-10,2022,12,December,Affordable,Good
370,Heavy-Duty Locket,TechVault,Jewelry,127.92,,4.2,494,1,SKU-JEW-0370,"luxury, handmade, sterling",High-quality heavy-duty locket from TechVault. Perfect for everyday use. Features premium materials and thoughtful design. This jewelry product has been carefully crafted to meet the highest standards of quality and performance.,2022-11-20 00:00:00,https://placehold.co/400x400/ef4444/ffffff?text=Locket,https://scrapingsandbox.com/product/370,0,0.0,0.0,In Stock,2022-11-20,2022,11,November,Premium,Very Good
371,Professional Probiotics,FitPro,Health,32.47,,4.7,40,1,SKU-HEA-0371,wellness,High-quality professional probiotics from FitPro. Perfect for everyday use. Features premium materials and thoughtful design. This health product has been carefully crafted to meet the highest standards of quality and performance.,2022-11-21 00:00:00,https://placehold.co/400x400/10b981/ffffff?text=Probiotics,https://scrapingsandbox.com/product/371,0,0.0,0.0,In Stock,2022-11-21,2022,11,November,Budget,Excellent
372,Compact Bracelet,ArtisanHub,Jewelry,10.53,17.25,3.4,252,1,SKU-JEW-0372,handmade,High-quality compact bracelet from ArtisanHub. Perfect for everyday use. Features premium materials and thoughtful design. This jewelry product has been carefully crafted to meet the highest standards of quality and performance.,2022-04-05 00:00:00,https://placehold.co/400x400/ec4899/ffffff?text=Bracelet,https://scrapingsandbox.com/product/372,1,6.72,38.96,In Stock,2022-04-05,2022,4,April,Budget,Average
373,Premium Car Charger,VitalLife,Automotive,65.48,,3.2,300,0,SKU-AUT-0373,safety,High-quality premium car charger from VitalLife. Perfect for everyday use. Features premium materials and thoughtful design. This automotive product has been carefully crafted to meet the highest standards of quality and performance.,2023-09-26 00:00:00,https://placehold.co/400x400/6366f1/ffffff?text=Car,https://scrapingsandbox.com/product/373,0,0.0,0.0,Out of Stock,2023-09-26,2023,9,September,Affordable,Average
374,Classic Wireless Earbuds,SoundWave,Electronics,120.91,,3.1,103,1,SKU-ELE-0374,"tech, USB",High-quality classic wireless earbuds from SoundWave. Perfect for everyday use. Features premium materials and thoughtful design. This electronics product has been carefully crafted to meet the highest standards of quality and performance.,2023-08-06 00:00:00,https://placehold.co/400x400/f97316/ffffff?text=Wireless,https://scrapingsandbox.com/product/374,0,0.0,0.0,In Stock,2023-08-06,2023,8,August,Premium,Average
375,Heavy-Duty Desk Organizer,GlowUp,Office Supplies,190.99,,3.0,211,1,SKU-OFF-0375,"stationery, work",High-quality heavy-duty desk organizer from GlowUp. Perfect for everyday use. Features premium materials and thoughtful design. This office supplies product has been carefully crafted to meet the highest standards of quality and performance.,2023-04-04 00:00:00,https://placehold.co/400x400/f97316/ffffff?text=Desk,https://scrapingsandbox.com/product/375,0,0.0,0.0,In Stock,2023-04-04,2023,4,April,Luxury,Average
376,Handcrafted Vinyl Record,CozyCorner,Music,163.48,225.33,5.0,63,1,SKU-MUS-0376,"audio, recording, performance",High-quality handcrafted vinyl record from CozyCorner. Perfect for everyday use. Features premium materials and thoughtful design. This music product has been carefully crafted to meet the highest standards of quality and performance.,2022-03-30 00:00:00,https://placehold.co/400x400/f59e0b/ffffff?text=Vinyl,https://scrapingsandbox.com/product/376,1,61.85,27.45,In Stock,2022-03-30,2022,3,March,Luxury,Excellent
377,Heavy-Duty Microphone,FitPro,Music,7.77,,3.1,205,0,SKU-MUS-0377,"audio, recording, accessories",High-quality heavy-duty microphone from FitPro. Perfect for everyday use. Features premium materials and thoughtful design. This music product has been carefully crafted to meet the highest standards of quality and performance.,2022-09-17 00:00:00,https://placehold.co/400x400/3b82f6/ffffff?text=Microphone,https://scrapingsandbox.com/product/377,0,0.0,0.0,Out of Stock,2022-09-17,2022,9,September,Budget,Average
378,Heavy-Duty Trail Mix,SoundWave,Food & Beverage,105.04,152.5,3.0,67,1,SKU-FOO-0378,"snacks, drinks",High-quality heavy-duty trail mix from SoundWave. Perfect for everyday use. Features premium materials and thoughtful design. This food & beverage product has been carefully crafted to meet the highest standards of quality and performance.,2022-04-18 00:00:00,https://placehold.co/400x400/f59e0b/ffffff?text=Trail,https://scrapingsandbox.com/product/378,1,47.46,31.12,In Stock,2022-04-18,2022,4,April,Premium,Average
379,Compact Trail Mix,AutoParts Pro,Food & Beverage,203.99,265.92,4.9,64,1,SKU-FOO-0379,"snacks, drinks",High-quality compact trail mix from AutoParts Pro. Perfect for everyday use. Features premium materials and thoughtful design. This food & beverage product has been carefully crafted to meet the highest standards of quality and performance.,2023-12-20 00:00:00,https://placehold.co/400x400/f97316/ffffff?text=Trail,https://scrapingsandbox.com/product/379,1,61.93,23.29,In Stock,2023-12-20,2023,12,December,Luxury,Excellent
380,Advanced Locket,PawPal,Jewelry,126.47,214.27,4.2,266,1,SKU-JEW-0380,"accessories, luxury, fashion",High-quality advanced locket from PawPal. Perfect for everyday use. Features premium materials and thoughtful design. This jewelry product has been carefully crafted to meet the highest standards of quality and performance.,2022-06-24 00:00:00,https://placehold.co/400x400/f59e0b/ffffff?text=Locket,https://scrapingsandbox.com/product/380,1,87.8,40.98,In Stock,2022-06-24,2022,6,June,Premium,Very Good
381,Eco-Friendly Pet Shampoo,DeskMate,Pet Supplies,16.99,,4.6,402,1,SKU-PET-0381,"cats, food",High-quality eco-friendly pet shampoo from DeskMate. Perfect for everyday use. Features premium materials and thoughtful design. This pet supplies product has been carefully crafted to meet the highest standards of quality and performance.,2023-03-27 00:00:00,https://placehold.co/400x400/f97316/ffffff?text=Pet,https://scrapingsandbox.com/product/381,0,0.0,0.0,In Stock,2023-03-27,2023,3,March,Budget,Excellent
382,Essential Scarf,TasteBud,Clothing,68.02,115.3,3.8,39,1,SKU-CLO-0382,"streetwear, casual, unisex",High-quality essential scarf from TasteBud. Perfect for everyday use. Features premium materials and thoughtful design. This clothing product has been carefully crafted to meet the highest standards of quality and performance.,2023-07-12 00:00:00,https://placehold.co/400x400/f97316/ffffff?text=Scarf,https://scrapingsandbox.com/product/382,1,47.28,41.01,In Stock,2023-07-12,2023,7,July,Affordable,Good
383,Smart Drum Sticks,ArtisanHub,Music,88.35,,5.0,222,1,SKU-MUS-0383,"instruments, audio, recording",High-quality smart drum sticks from ArtisanHub. Perfect for everyday use. Features premium materials and thoughtful design. This music product has been carefully crafted to meet the highest standards of quality and performance.,2022-06-02 00:00:00,https://placehold.co/400x400/84cc16/ffffff?text=Drum,https://scrapingsandbox.com/product/383,0,0.0,0.0,In Stock,2022-06-02,2022,6,June,Affordable,Excellent
384,Lightweight Doormat,GlowUp,Home & Garden,96.6,,4.3,56,1,SKU-HOM-0384,decor,High-quality lightweight doormat from GlowUp. Perfect for everyday use. Features premium materials and thoughtful design. This home & garden product has been carefully crafted to meet the highest standards of quality and performance.,2023-01-20 00:00:00,https://placehold.co/400x400/ef4444/ffffff?text=Doormat,https://scrapingsandbox.com/product/384,0,0.0,0.0,In Stock,2023-01-20,2023,1,January,Affordable,Very Good
385,Vintage Slime Kit,UrbanThread,Toys,170.43,256.01,3.7,95,1,SKU-TOY-0385,kids,High-quality vintage slime kit from UrbanThread. Perfect for everyday use. Features premium materials and thoughtful design. This toys product has been carefully crafted to meet the highest standards of quality and performance.,2023-06-25 00:00:00,https://placehold.co/400x400/ec4899/ffffff?text=Slime,https://scrapingsandbox.com/product/385,1,85.58,33.43,In Stock,2023-06-25,2023,6,June,Luxury,Good
386,Modern SSD Drive,MindBooks,Electronics,90.96,127.5,3.3,66,0,SKU-ELE-0386,"tech, gadgets, digital",High-quality modern ssd drive from MindBooks. Perfect for everyday use. Features premium materials and thoughtful design. This electronics product has been carefully crafted to meet the highest standards of quality and performance.,2022-07-11 00:00:00,https://placehold.co/400x400/3b82f6/ffffff?text=SSD,https://scrapingsandbox.com/product/386,1,36.54,28.66,Out of Stock,2022-07-11,2022,7,July,Affordable,Average
387,Modern Gym Bag,VitalLife,Sports,182.1,,3.8,201,0,SKU-SPO-0387,"fitness, workout, outdoor",High-quality modern gym bag from VitalLife. Perfect for everyday use. Features premium materials and thoughtful design. This sports product has been carefully crafted to meet the highest standards of quality and performance.,2023-02-15 00:00:00,https://placehold.co/400x400/8b5cf6/ffffff?text=Gym,https://scrapingsandbox.com/product/387,0,0.0,0.0,Out of Stock,2023-02-15,2023,2,February,Luxury,Good
388,Advanced Dog Food,ProGear,Pet Supplies,146.34,234.93,3.9,452,1,SKU-PET-0388,"cats, grooming",High-quality advanced dog food from ProGear. Perfect for everyday use. Features premium materials and thoughtful design. This pet supplies product has been carefully crafted to meet the highest standards of quality and performance.,2023-06-25 00:00:00,https://placehold.co/400x400/06b6d4/ffffff?text=Dog,https://scrapingsandbox.com/product/388,1,88.59,37.71,In Stock,2023-06-25,2023,6,June,Premium,Good
389,Compact Sci-Fi Novel,TechVault,Books,81.95,,4.5,459,0,SKU-BOO-0389,"literature, education",High-quality compact sci-fi novel from TechVault. Perfect for everyday use. Features premium materials and thoughtful design. This books product has been carefully crafted to meet the highest standards of quality and performance.,2022-02-28 00:00:00,https://placehold.co/400x400/ec4899/ffffff?text=Sci-Fi,https://scrapingsandbox.com/product/389,0,0.0,0.0,Out of Stock,2022-02-28,2022,2,February,Affordable,Excellent
390,Limited Edition Grooming Brush,TasteBud,Pet Supplies,187.72,,4.7,20,0,SKU-PET-0390,"dogs, grooming, food",High-quality limited edition grooming brush from TasteBud. Perfect for everyday use. Features premium materials and thoughtful design. This pet supplies product has been carefully crafted to meet the highest standards of quality and performance.,2023-12-08 00:00:00,https://placehold.co/400x400/f97316/ffffff?text=Grooming,https://scrapingsandbox.com/product/390,0,0.0,0.0,Out of Stock,2023-12-08,2023,12,December,Luxury,Excellent
391,Premium Pastel Set,TechVault,Art,176.68,,4.8,356,1,SKU-ART-0391,"supplies, creative, painting",High-quality premium pastel set from TechVault. Perfect for everyday use. Features premium materials and thoughtful design. This art product has been carefully crafted to meet the highest standards of quality and performance.,2022-11-09 00:00:00,https://placehold.co/400x400/6366f1/ffffff?text=Pastel,https://scrapingsandbox.com/product/391,0,0.0,0.0,In Stock,2022-11-09,2022,11,November,Luxury,Excellent
392,Handcrafted Gaming Mouse,TechVault,Electronics,191.69,249.61,4.3,297,1,SKU-ELE-0392,wireless,High-quality handcrafted gaming mouse from TechVault. Perfect for everyday use. Features premium materials and thoughtful design. This electronics product has been carefully crafted to meet the highest standards of quality and performance.,2022-04-06 00:00:00,https://placehold.co/400x400/84cc16/ffffff?text=Gaming,https://scrapingsandbox.com/product/392,1,57.92,23.2,In Stock,2022-04-06,2022,4,April,Luxury,Very Good
393,Heavy-Duty Collagen Powder,FitPro,Health,126.07,160.93,4.2,229,1,SKU-HEA-0393,"wellness, supplements, medical",High-quality heavy-duty collagen powder from FitPro. Perfect for everyday use. Features premium materials and thoughtful design. This health product has been carefully crafted to meet the highest standards of quality and performance.,2022-03-15 00:00:00,https://placehold.co/400x400/8b5cf6/ffffff?text=Collagen,https://scrapingsandbox.com/product/393,1,34.86,21.66,In Stock,2022-03-15,2022,3,March,Premium,Very Good
394,Deluxe Catnip,PageTurner,Pet Supplies,95.29,,3.9,4,1,SKU-PET-0394,"dogs, cats, grooming",High-quality deluxe catnip from PageTurner. Perfect for everyday use. Features premium materials and thoughtful design. This pet supplies product has been carefully crafted to meet the highest standards of quality and performance.,2023-09-05 00:00:00,https://placehold.co/400x400/f97316/ffffff?text=Catnip,https://scrapingsandbox.com/product/394,0,0.0,0.0,In Stock,2023-09-05,2023,9,September,Affordable,Good
395,Advanced Zinc Tablets,PageTurner,Health,57.79,84.45,3.0,298,1,SKU-HEA-0395,medical,High-quality advanced zinc tablets from PageTurner. Perfect for everyday use. Features premium materials and thoughtful design. This health product has been carefully crafted to meet the highest standards of quality and performance.,2022-10-25 00:00:00,https://placehold.co/400x400/84cc16/ffffff?text=Zinc,https://scrapingsandbox.com/product/395,1,26.66,31.57,In Stock,2022-10-25,2022,10,October,Affordable,Average
396,Professional Popcorn Pack,ArtisanHub,Food & Beverage,52.95,,4.1,250,1,SKU-FOO-0396,snacks,High-quality professional popcorn pack from ArtisanHub. Perfect for everyday use. Features premium materials and thoughtful design. This food & beverage product has been carefully crafted to meet the highest standards of quality and performance.,2022-01-10 00:00:00,https://placehold.co/400x400/f97316/ffffff?text=Popcorn,https://scrapingsandbox.com/product/396,0,0.0,0.0,In Stock,2022-01-10,2022,1,January,Affordable,Very Good
397,Pro Denim Jacket,ArtisanHub,Clothing,148.24,,4.7,386,1,SKU-CLO-0397,"fashion, casual, unisex",High-quality pro denim jacket from ArtisanHub. Perfect for everyday use. Features premium materials and thoughtful design. This clothing product has been carefully crafted to meet the highest standards of quality and performance.,2023-09-02 00:00:00,https://placehold.co/400x400/ec4899/ffffff?text=Denim,https://scrapingsandbox.com/product/397,0,0.0,0.0,In Stock,2023-09-02,2023,9,September,Premium,Excellent
398,Lightweight Beanie,PlayZone,Clothing,98.1,131.38,3.4,176,1,SKU-CLO-0398,"apparel, casual",High-quality lightweight beanie from PlayZone. Perfect for everyday use. Features premium materials and thoughtful design. This clothing product has been carefully crafted to meet the highest standards of quality and performance.,2023-05-05 00:00:00,https://placehold.co/400x400/84cc16/ffffff?text=Beanie,https://scrapingsandbox.com/product/398,1,33.28,25.33,In Stock,2023-05-05,2023,5,May,Affordable,Average
399,Handcrafted Notebook,DeskMate,Office Supplies,164.89,228.44,3.9,307,1,SKU-OFF-0399,"desk, school",High-quality handcrafted notebook from DeskMate. Perfect for everyday use. Features premium materials and thoughtful design. This office supplies product has been carefully crafted to meet the highest standards of quality and performance.,2022-09-04 00:00:00,https://placehold.co/400x400/84cc16/ffffff?text=Notebook,https://scrapingsandbox.com/product/399,1,63.55,27.82,In Stock,2022-09-04,2022,9,September,Luxury,Good
400,Limited Edition Bluetooth Speaker,ArtisanHub,Electronics,20.98,,3.5,365,1,SKU-ELE-0400,"gadgets, USB",High-quality limited edition bluetooth speaker from ArtisanHub. Perfect for everyday use. Features premium materials and thoughtful design. This electronics product has been carefully crafted to meet the highest standards of quality and performance.,2022-01-08 00:00:00,https://placehold.co/400x400/ec4899/ffffff?text=Bluetooth,https://scrapingsandbox.com/product/400,0,0.0,0.0,In Stock,2022-01-08,2022,1,January,Budget,Good
401,Professional Flannel Shirt,NovaTech,Clothing,171.02,216.25,4.7,110,1,SKU-CLO-0401,"fashion, apparel, casual",High-quality professional flannel shirt from NovaTech. Perfect for everyday use. Features premium materials and thoughtful design. This clothing product has been carefully crafted to meet the highest standards of quality and performance.,2023-06-12 00:00:00,https://placehold.co/400x400/3b82f6/ffffff?text=Flannel,https://scrapingsandbox.com/product/401,1,45.23,20.92,In Stock,2023-06-12,2023,6,June,Luxury,Excellent
402,Vintage Marble Run,ArtisanHub,Toys,21.51,,4.1,233,1,SKU-TOY-0402,"kids, games, educational",High-quality vintage marble run from ArtisanHub. Perfect for everyday use. Features premium materials and thoughtful design. This toys product has been carefully crafted to meet the highest standards of quality and performance.,2023-01-10 00:00:00,https://placehold.co/400x400/ef4444/ffffff?text=Marble,https://scrapingsandbox.com/product/402,0,0.0,0.0,In Stock,2023-01-10,2023,1,January,Budget,Very Good
403,Pro Self-Help Guide,NovaTech,Books,43.95,53.98,4.0,14,0,SKU-BOO-0403,reading,High-quality pro self-help guide from NovaTech. Perfect for everyday use. Features premium materials and thoughtful design. This books product has been carefully crafted to meet the highest standards of quality and performance.,2022-11-08 00:00:00,https://placehold.co/400x400/ef4444/ffffff?text=Self-Help,https://scrapingsandbox.com/product/403,1,10.03,18.58,Out of Stock,2022-11-08,2022,11,November,Budget,Very Good
404,Limited Edition Calculator,SparkleBox,Office Supplies,47.37,64.94,5.0,17,0,SKU-OFF-0404,"stationery, organization, work",High-quality limited edition calculator from SparkleBox. Perfect for everyday use. Features premium materials and thoughtful design. This office supplies product has been carefully crafted to meet the highest standards of quality and performance.,2022-05-22 00:00:00,https://placehold.co/400x400/10b981/ffffff?text=Calculator,https://scrapingsandbox.com/product/404,1,17.57,27.06,Out of Stock,2022-05-22,2022,5,May,Budget,Excellent
405,Compact Popcorn Pack,SparkleBox,Food & Beverage,168.65,,3.2,181,1,SKU-FOO-0405,"drinks, artisan",High-quality compact popcorn pack from SparkleBox. Perfect for everyday use. Features premium materials and thoughtful design. This food & beverage product has been carefully crafted to meet the highest standards of quality and performance.,2023-02-06 00:00:00,https://placehold.co/400x400/84cc16/ffffff?text=Popcorn,https://scrapingsandbox.com/product/405,0,0.0,0.0,In Stock,2023-02-06,2023,2,February,Luxury,Average
406,Handcrafted Conditioner,AutoParts Pro,Beauty,76.63,104.01,4.8,202,1,SKU-BEA-0406,"skincare, cosmetics",High-quality handcrafted conditioner from AutoParts Pro. Perfect for everyday use. Features premium materials and thoughtful design. This beauty product has been carefully crafted to meet the highest standards of quality and performance.,2022-12-11 00:00:00,https://placehold.co/400x400/f59e0b/ffffff?text=Conditioner,https://scrapingsandbox.com/product/406,1,27.38,26.32,In Stock,2022-12-11,2022,12,December,Affordable,Excellent
407,Ultra Cat Tree,VitalLife,Pet Supplies,15.1,23.7,3.0,415,1,SKU-PET-0407,"dogs, cats, pets",High-quality ultra cat tree from VitalLife. Perfect for everyday use. Features premium materials and thoughtful design. This pet supplies product has been carefully crafted to meet the highest standards of quality and performance.,2023-03-27 00:00:00,https://placehold.co/400x400/3b82f6/ffffff?text=Cat,https://scrapingsandbox.com/product/407,1,8.6,36.29,In Stock,2023-03-27,2023,3,March,Budget,Average
408,Organic Hot Sauce,TasteBud,Food & Beverage,139.44,,4.8,227,1,SKU-FOO-0408,"organic, artisan",High-quality organic hot sauce from TasteBud. Perfect for everyday use. Features premium materials and thoughtful design. This food & beverage product has been carefully crafted to meet the highest standards of quality and performance.,2023-12-23 00:00:00,https://placehold.co/400x400/ef4444/ffffff?text=Hot,https://scrapingsandbox.com/product/408,0,0.0,0.0,In Stock,2023-12-23,2023,12,December,Premium,Excellent
409,Compact Litter Box,DeskMate,Pet Supplies,101.33,,3.5,216,1,SKU-PET-0409,food,High-quality compact litter box from DeskMate. Perfect for everyday use. Features premium materials and thoughtful design. This pet supplies product has been carefully crafted to meet the highest standards of quality and performance.,2023-12-12 00:00:00,https://placehold.co/400x400/8b5cf6/ffffff?text=Litter,https://scrapingsandbox.com/product/409,0,0.0,0.0,In Stock,2023-12-12,2023,12,December,Premium,Good
410,Wireless Sweatband,PlayZone,Sports,16.35,,3.4,186,1,SKU-SPO-0410,fitness,High-quality wireless sweatband from PlayZone. Perfect for everyday use. Features premium materials and thoughtful design. This sports product has been carefully crafted to meet the highest standards of quality and performance.,2022-02-24 00:00:00,https://placehold.co/400x400/ec4899/ffffff?text=Sweatband,https://scrapingsandbox.com/product/410,0,0.0,0.0,In Stock,2022-02-24,2022,2,February,Budget,Average
411,Lightweight Sketchbook,NovaTech,Art,116.88,,4.7,319,1,SKU-ART-0411,"drawing, crafts",High-quality lightweight sketchbook from NovaTech. Perfect for everyday use. Features premium materials and thoughtful design. This art product has been carefully crafted to meet the highest standards of quality and performance.,2022-01-06 00:00:00,https://placehold.co/400x400/84cc16/ffffff?text=Sketchbook,https://scrapingsandbox.com/product/411,0,0.0,0.0,In Stock,2022-01-06,2022,1,January,Premium,Excellent
412,Portable Art Portfolio,TasteBud,Art,181.73,,4.5,87,1,SKU-ART-0412,painting,High-quality portable art portfolio from TasteBud. Perfect for everyday use. Features premium materials and thoughtful design. This art product has been carefully crafted to meet the highest standards of quality and performance.,2022-01-12 00:00:00,https://placehold.co/400x400/8b5cf6/ffffff?text=Art,https://scrapingsandbox.com/product/412,0,0.0,0.0,In Stock,2022-01-12,2022,1,January,Luxury,Excellent
413,Smart Hot Sauce,NovaTech,Food & Beverage,203.21,330.47,4.1,76,1,SKU-FOO-0413,"organic, gourmet, drinks",High-quality smart hot sauce from NovaTech. Perfect for everyday use. Features premium materials and thoughtful design. This food & beverage product has been carefully crafted to meet the highest standards of quality and performance.,2022-05-04 00:00:00,https://placehold.co/400x400/ec4899/ffffff?text=Hot,https://scrapingsandbox.com/product/413,1,127.26,38.51,In Stock,2022-05-04,2022,5,May,Luxury,Very Good
414,Limited Edition Dash Cam,TasteBud,Automotive,124.89,,4.6,307,0,SKU-AUT-0414,"car, travel",High-quality limited edition dash cam from TasteBud. Perfect for everyday use. Features premium materials and thoughtful design. This automotive product has been carefully crafted to meet the highest standards of quality and performance.,2022-01-04 00:00:00,https://placehold.co/400x400/06b6d4/ffffff?text=Dash,https://scrapingsandbox.com/product/414,0,0.0,0.0,Out of Stock,2022-01-04,2022,1,January,Premium,Excellent
415,Portable Exfoliator,ProGear,Beauty,112.25,,4.8,405,1,SKU-BEA-0415,"self-care, vegan",High-quality portable exfoliator from ProGear. Perfect for everyday use. Features premium materials and thoughtful design. This beauty product has been carefully crafted to meet the highest standards of quality and performance.,2022-12-03 00:00:00,https://placehold.co/400x400/6366f1/ffffff?text=Exfoliator,https://scrapingsandbox.com/product/415,0,0.0,0.0,In Stock,2022-12-03,2022,12,December,Premium,Excellent
416,Vintage Scale,AutoParts Pro,Health,152.49,,3.5,136,1,SKU-HEA-0416,"medical, natural, fitness",High-quality vintage scale from AutoParts Pro. Perfect for everyday use. Features premium materials and thoughtful design. This health product has been carefully crafted to meet the highest standards of quality and performance.,2023-12-22 00:00:00,https://placehold.co/400x400/ef4444/ffffff?text=Scale,https://scrapingsandbox.com/product/416,0,0.0,0.0,In Stock,2023-12-22,2023,12,December,Luxury,Good
417,Lightweight Webcam,DeskMate,Electronics,171.45,282.26,4.6,265,1,SKU-ELE-0417,"tech, wireless",High-quality lightweight webcam from DeskMate. Perfect for everyday use. Features premium materials and thoughtful design. This electronics product has been carefully crafted to meet the highest standards of quality and performance.,2022-04-30 00:00:00,https://placehold.co/400x400/06b6d4/ffffff?text=Webcam,https://scrapingsandbox.com/product/417,1,110.81,39.26,In Stock,2022-04-30,2022,4,April,Luxury,Excellent
418,Vintage Towel Set,ArtisanHub,Home & Garden,121.47,,3.6,319,1,SKU-HOM-0418,"living room, garden",High-quality vintage towel set from ArtisanHub. Perfect for everyday use. Features premium materials and thoughtful design. This home & garden product has been carefully crafted to meet the highest standards of quality and performance.,2022-11-10 00:00:00,https://placehold.co/400x400/ef4444/ffffff?text=Towel,https://scrapingsandbox.com/product/418,0,0.0,0.0,In Stock,2022-11-10,2022,11,November,Premium,Good
419,Ultra Pet Carrier,PawPal,Pet Supplies,25.22,,3.5,205,1,SKU-PET-0419,"dogs, pets, food",High-quality ultra pet carrier from PawPal. Perfect for everyday use. Features premium materials and thoughtful design. This pet supplies product has been carefully crafted to meet the highest standards of quality and performance.,2023-07-12 00:00:00,https://placehold.co/400x400/ec4899/ffffff?text=Pet,https://scrapingsandbox.com/product/419,0,0.0,0.0,In Stock,2023-07-12,2023,7,July,Budget,Good
420,Heavy-Duty Dumbbell Set,ArtisanHub,Sports,78.71,,4.8,493,1,SKU-SPO-0420,"outdoor, gym",High-quality heavy-duty dumbbell set from ArtisanHub. Perfect for everyday use. Features premium materials and thoughtful design. This sports product has been carefully crafted to meet the highest standards of quality and performance.,2023-10-30 00:00:00,https://placehold.co/400x400/ef4444/ffffff?text=Dumbbell,https://scrapingsandbox.com/product/420,0,0.0,0.0,In Stock,2023-10-30,2023,10,October,Affordable,Excellent
421,Modern Synthesizer Patch,PageTurner,Music,43.21,61.19,3.9,54,0,SKU-MUS-0421,"instruments, performance",High-quality modern synthesizer patch from PageTurner. Perfect for everyday use. Features premium materials and thoughtful design. This music product has been carefully crafted to meet the highest standards of quality and performance.,2023-07-06 00:00:00,https://placehold.co/400x400/6366f1/ffffff?text=Synthesizer,https://scrapingsandbox.com/product/421,1,17.98,29.38,Out of Stock,2023-07-06,2023,7,July,Budget,Good
422,Pro Music Stand,PawPal,Music,156.18,263.2,3.4,450,1,SKU-MUS-0422,"instruments, audio",High-quality pro music stand from PawPal. Perfect for everyday use. Features premium materials and thoughtful design. This music product has been carefully crafted to meet the highest standards of quality and performance.,2022-05-28 00:00:00,https://placehold.co/400x400/f97316/ffffff?text=Music,https://scrapingsandbox.com/product/422,1,107.02,40.66,In Stock,2022-05-28,2022,5,May,Luxury,Average
423,Portable Floor Mat,PageTurner,Automotive,130.9,220.86,3.2,449,1,SKU-AUT-0423,"car, maintenance",High-quality portable floor mat from PageTurner. Perfect for everyday use. Features premium materials and thoughtful design. This automotive product has been carefully crafted to meet the highest standards of quality and performance.,2022-07-09 00:00:00,https://placehold.co/400x400/3b82f6/ffffff?text=Floor,https://scrapingsandbox.com/product/423,1,89.96,40.73,In Stock,2022-07-09,2022,7,July,Premium,Average
424,Modern Car Charger,TechVault,Automotive,59.51,80.02,3.2,435,1,SKU-AUT-0424,"car, travel, safety",High-quality modern car charger from TechVault. Perfect for everyday use. Features premium materials and thoughtful design. This automotive product has been carefully crafted to meet the highest standards of quality and performance.,2023-11-06 00:00:00,https://placehold.co/400x400/06b6d4/ffffff?text=Car,https://scrapingsandbox.com/product/424,1,20.51,25.63,In Stock,2023-11-06,2023,11,November,Affordable,Average
425,Limited Edition Cat Tree,VitalLife,Pet Supplies,15.0,18.8,4.4,192,1,SKU-PET-0425,"cats, pets",High-quality limited edition cat tree from VitalLife. Perfect for everyday use. Features premium materials and thoughtful design. This pet supplies product has been carefully crafted to meet the highest standards of quality and performance.,2022-03-13 00:00:00,https://placehold.co/400x400/3b82f6/ffffff?text=Cat,https://scrapingsandbox.com/product/425,1,3.8,20.21,In Stock,2022-03-13,2022,3,March,Budget,Very Good
426,Advanced Pasta Set,NovaTech,Food & Beverage,182.57,,3.5,282,0,SKU-FOO-0426,drinks,High-quality advanced pasta set from NovaTech. Perfect for everyday use. Features premium materials and thoughtful design. This food & beverage product has been carefully crafted to meet the highest standards of quality and performance.,2023-10-13 00:00:00,https://placehold.co/400x400/f59e0b/ffffff?text=Pasta,https://scrapingsandbox.com/product/426,0,0.0,0.0,Out of Stock,2023-10-13,2023,10,October,Luxury,Good
427,Vintage Tennis Balls,StyleCraft,Sports,195.69,329.49,3.3,83,1,SKU-SPO-0427,"fitness, outdoor",High-quality vintage tennis balls from StyleCraft. Perfect for everyday use. Features premium materials and thoughtful design. This sports product has been carefully crafted to meet the highest standards of quality and performance.,2022-08-24 00:00:00,https://placehold.co/400x400/f59e0b/ffffff?text=Tennis,https://scrapingsandbox.com/product/427,1,133.8,40.61,In Stock,2022-08-24,2022,8,August,Luxury,Average
428,Vintage Brush Kit,ArtisanHub,Art,79.2,,3.8,368,0,SKU-ART-0428,"creative, crafts",High-quality vintage brush kit from ArtisanHub. Perfect for everyday use. Features premium materials and thoughtful design. This art product has been carefully crafted to meet the highest standards of quality and performance.,2023-10-23 00:00:00,https://placehold.co/400x400/3b82f6/ffffff?text=Brush,https://scrapingsandbox.com/product/428,0,0.0,0.0,Out of Stock,2023-10-23,2023,10,October,Affordable,Good
429,Handcrafted Skipping Rope,PawPal,Sports,170.8,,4.6,107,1,SKU-SPO-0429,"fitness, workout",High-quality handcrafted skipping rope from PawPal. Perfect for everyday use. Features premium materials and thoughtful design. This sports product has been carefully crafted to meet the highest standards of quality and performance.,2022-10-06 00:00:00,https://placehold.co/400x400/84cc16/ffffff?text=Skipping,https://scrapingsandbox.com/product/429,0,0.0,0.0,In Stock,2022-10-06,2022,10,October,Luxury,Excellent
430,Eco-Friendly Tennis Balls,GlowUp,Sports,49.39,65.75,3.5,58,1,SKU-SPO-0430,"fitness, workout, outdoor",High-quality eco-friendly tennis balls from GlowUp. Perfect for everyday use. Features premium materials and thoughtful design. This sports product has been carefully crafted to meet the highest standards of quality and performance.,2023-09-20 00:00:00,https://placehold.co/400x400/10b981/ffffff?text=Tennis,https://scrapingsandbox.com/product/430,1,16.36,24.88,In Stock,2023-09-20,2023,9,September,Budget,Good
431,Classic LED Desk Lamp,MindBooks,Electronics,104.95,,4.7,16,1,SKU-ELE-0431,"tech, gadgets, wireless",High-quality classic led desk lamp from MindBooks. Perfect for everyday use. Features premium materials and thoughtful design. This electronics product has been carefully crafted to meet the highest standards of quality and performance.,2023-08-26 00:00:00,https://placehold.co/400x400/f97316/ffffff?text=LED,https://scrapingsandbox.com/product/431,0,0.0,0.0,In Stock,2023-08-26,2023,8,August,Premium,Excellent
432,Professional Paint Set,NovaTech,Art,146.73,248.19,3.6,162,1,SKU-ART-0432,"supplies, creative, painting",High-quality professional paint set from NovaTech. Perfect for everyday use. Features premium materials and thoughtful design. This art product has been carefully crafted to meet the highest standards of quality and performance.,2022-07-06 00:00:00,https://placehold.co/400x400/84cc16/ffffff?text=Paint,https://scrapingsandbox.com/product/432,1,101.46,40.88,In Stock,2022-07-06,2022,7,July,Premium,Good
433,Lightweight Chain,PageTurner,Jewelry,8.63,13.95,3.3,486,0,SKU-JEW-0433,"accessories, handmade, fashion",High-quality lightweight chain from PageTurner. Perfect for everyday use. Features premium materials and thoughtful design. This jewelry product has been carefully crafted to meet the highest standards of quality and performance.,2023-12-15 00:00:00,https://placehold.co/400x400/6366f1/ffffff?text=Chain,https://scrapingsandbox.com/product/433,1,5.32,38.14,Out of Stock,2023-12-15,2023,12,December,Budget,Average
434,Organic Face Serum,SoundWave,Beauty,104.4,,4.6,53,1,SKU-BEA-0434,"skincare, cosmetics, self-care",High-quality organic face serum from SoundWave. Perfect for everyday use. Features premium materials and thoughtful design. This beauty product has been carefully crafted to meet the highest standards of quality and performance.,2022-02-06 00:00:00,https://placehold.co/400x400/8b5cf6/ffffff?text=Face,https://scrapingsandbox.com/product/434,0,0.0,0.0,In Stock,2022-02-06,2022,2,February,Premium,Excellent
435,Limited Edition Label Maker,PlayZone,Office Supplies,91.83,150.94,3.1,399,1,SKU-OFF-0435,"organization, work",High-quality limited edition label maker from PlayZone. Perfect for everyday use. Features premium materials and thoughtful design. This office supplies product has been carefully crafted to meet the highest standards of quality and performance.,2022-11-04 00:00:00,https://placehold.co/400x400/84cc16/ffffff?text=Label,https://scrapingsandbox.com/product/435,1,59.11,39.16,In Stock,2022-11-04,2022,11,November,Affordable,Average
436,Heavy-Duty Coaster Set,PlayZone,Home & Garden,148.85,,4.5,492,1,SKU-HOM-0436,"kitchen, living room, garden",High-quality heavy-duty coaster set from PlayZone. Perfect for everyday use. Features premium materials and thoughtful design. This home & garden product has been carefully crafted to meet the highest standards of quality and performance.,2022-11-08 00:00:00,https://placehold.co/400x400/8b5cf6/ffffff?text=Coaster,https://scrapingsandbox.com/product/436,0,0.0,0.0,In Stock,2022-11-08,2022,11,November,Premium,Excellent
437,Smart Pen Set,CozyCorner,Office Supplies,114.75,173.87,3.6,124,1,SKU-OFF-0437,"desk, organization",High-quality smart pen set from CozyCorner. Perfect for everyday use. Features premium materials and thoughtful design. This office supplies product has been carefully crafted to meet the highest standards of quality and performance.,2023-04-15 00:00:00,https://placehold.co/400x400/ef4444/ffffff?text=Pen,https://scrapingsandbox.com/product/437,1,59.12,34.0,In Stock,2023-04-15,2023,4,April,Premium,Good
438,Portable Hoodie,UrbanThread,Clothing,189.43,,4.2,373,1,SKU-CLO-0438,unisex,High-quality portable hoodie from UrbanThread. Perfect for everyday use. Features premium materials and thoughtful design. This clothing product has been carefully crafted to meet the highest standards of quality and performance.,2022-04-12 00:00:00,https://placehold.co/400x400/3b82f6/ffffff?text=Hoodie,https://scrapingsandbox.com/product/438,0,0.0,0.0,In Stock,2022-04-12,2022,4,April,Luxury,Very Good
439,Portable Coloring Book,PlayZone,Books,92.44,,4.7,365,0,SKU-BOO-0439,"literature, paperback",High-quality portable coloring book from PlayZone. Perfect for everyday use. Features premium materials and thoughtful design. This books product has been carefully crafted to meet the highest standards of quality and performance.,2023-07-16 00:00:00,https://placehold.co/400x400/ef4444/ffffff?text=Coloring,https://scrapingsandbox.com/product/439,0,0.0,0.0,Out of Stock,2023-07-16,2023,7,July,Affordable,Excellent
440,Lightweight Sunglasses,TasteBud,Clothing,13.69,19.55,4.8,476,1,SKU-CLO-0440,"fashion, apparel, streetwear",High-quality lightweight sunglasses from TasteBud. Perfect for everyday use. Features premium materials and thoughtful design. This clothing product has been carefully crafted to meet the highest standards of quality and performance.,2023-02-09 00:00:00,https://placehold.co/400x400/3b82f6/ffffff?text=Sunglasses,https://scrapingsandbox.com/product/440,1,5.86,29.97,In Stock,2023-02-09,2023,2,February,Budget,Excellent
441,Compact Hair Pin,TasteBud,Jewelry,24.18,,3.4,225,1,SKU-JEW-0441,"sterling, fashion",High-quality compact hair pin from TasteBud. Perfect for everyday use. Features premium materials and thoughtful design. This jewelry product has been carefully crafted to meet the highest standards of quality and performance.,2022-03-06 00:00:00,https://placehold.co/400x400/f59e0b/ffffff?text=Hair,https://scrapingsandbox.com/product/441,0,0.0,0.0,In Stock,2022-03-06,2022,3,March,Budget,Average
442,Eco-Friendly SSD Drive,ProGear,Electronics,37.34,,3.2,79,0,SKU-ELE-0442,gadgets,High-quality eco-friendly ssd drive from ProGear. Perfect for everyday use. Features premium materials and thoughtful design. This electronics product has been carefully crafted to meet the highest standards of quality and performance.,2023-03-04 00:00:00,https://placehold.co/400x400/8b5cf6/ffffff?text=SSD,https://scrapingsandbox.com/product/442,0,0.0,0.0,Out of Stock,2023-03-04,2023,3,March,Budget,Average
443,Professional Whiteboard,SoundWave,Office Supplies,38.11,,4.8,264,1,SKU-OFF-0443,desk,High-quality professional whiteboard from SoundWave. Perfect for everyday use. Features premium materials and thoughtful design. This office supplies product has been carefully crafted to meet the highest standards of quality and performance.,2023-06-04 00:00:00,https://placehold.co/400x400/10b981/ffffff?text=Whiteboard,https://scrapingsandbox.com/product/443,0,0.0,0.0,In Stock,2023-06-04,2023,6,June,Budget,Excellent
444,Classic Skipping Rope,TasteBud,Sports,80.22,,3.3,13,1,SKU-SPO-0444,outdoor,High-quality classic skipping rope from TasteBud. Perfect for everyday use. Features premium materials and thoughtful design. This sports product has been carefully crafted to meet the highest standards of quality and performance.,2022-01-09 00:00:00,https://placehold.co/400x400/84cc16/ffffff?text=Skipping,https://scrapingsandbox.com/product/444,0,0.0,0.0,In Stock,2022-01-09,2022,1,January,Affordable,Average
445,Pro Dollhouse,SoundWave,Toys,12.0,,4.0,63,1,SKU-TOY-0445,"games, fun, educational",High-quality pro dollhouse from SoundWave. Perfect for everyday use. Features premium materials and thoughtful design. This toys product has been carefully crafted to meet the highest standards of quality and performance.,2022-06-14 00:00:00,https://placehold.co/400x400/84cc16/ffffff?text=Dollhouse,https://scrapingsandbox.com/product/445,0,0.0,0.0,In Stock,2022-06-14,2022,6,June,Budget,Very Good
446,Limited Edition Pendant,CozyCorner,Jewelry,98.13,148.5,4.4,400,1,SKU-JEW-0446,"luxury, handmade, sterling",High-quality limited edition pendant from CozyCorner. Perfect for everyday use. Features premium materials and thoughtful design. This jewelry product has been carefully crafted to meet the highest standards of quality and performance.,2022-05-18 00:00:00,https://placehold.co/400x400/f97316/ffffff?text=Pendant,https://scrapingsandbox.com/product/446,1,50.37,33.92,In Stock,2022-05-18,2022,5,May,Affordable,Very Good
447,Advanced Correction Tape,VitalLife,Office Supplies,39.66,,4.0,477,1,SKU-OFF-0447,"desk, organization",High-quality advanced correction tape from VitalLife. Perfect for everyday use. Features premium materials and thoughtful design. This office supplies product has been carefully crafted to meet the highest standards of quality and performance.,2023-09-21 00:00:00,https://placehold.co/400x400/84cc16/ffffff?text=Correction,https://scrapingsandbox.com/product/447,0,0.0,0.0,In Stock,2023-09-21,2023,9,September,Budget,Very Good
448,Advanced Screen Protector,PawPal,Electronics,186.81,,4.3,282,1,SKU-ELE-0448,"tech, gadgets, USB",High-quality advanced screen protector from PawPal. Perfect for everyday use. Features premium materials and thoughtful design. This electronics product has been carefully crafted to meet the highest standards of quality and performance.,2023-06-30 00:00:00,https://placehold.co/400x400/f59e0b/ffffff?text=Screen,https://scrapingsandbox.com/product/448,0,0.0,0.0,In Stock,2023-06-30,2023,6,June,Luxury,Very Good
449,Compact Spark Plug,StyleCraft,Automotive,108.04,,4.5,226,0,SKU-AUT-0449,"car, travel",High-quality compact spark plug from StyleCraft. Perfect for everyday use. Features premium materials and thoughtful design. This automotive product has been carefully crafted to meet the highest standards of quality and performance.,2022-04-27 00:00:00,https://placehold.co/400x400/6366f1/ffffff?text=Spark,https://scrapingsandbox.com/product/449,0,0.0,0.0,Out of Stock,2022-04-27,2022,4,April,Premium,Excellent
450,Limited Edition Floor Mat,CozyCorner,Automotive,127.16,,3.2,490,1,SKU-AUT-0450,"accessories, maintenance",High-quality limited edition floor mat from CozyCorner. Perfect for everyday use. Features premium materials and thoughtful design. This automotive product has been carefully crafted to meet the highest standards of quality and performance.,2023-04-04 00:00:00,https://placehold.co/400x400/10b981/ffffff?text=Floor,https://scrapingsandbox.com/product/450,0,0.0,0.0,In Stock,2023-04-04,2023,4,April,Premium,Average
451,Pro Hoodie,UrbanThread,Clothing,72.15,,4.9,120,1,SKU-CLO-0451,streetwear,High-quality pro hoodie from UrbanThread. Perfect for everyday use. Features premium materials and thoughtful design. This clothing product has been carefully crafted to meet the highest standards of quality and performance.,2022-07-31 00:00:00,https://placehold.co/400x400/06b6d4/ffffff?text=Hoodie,https://scrapingsandbox.com/product/451,0,0.0,0.0,In Stock,2022-07-31,2022,7,July,Affordable,Excellent
452,Portable Ab Wheel,UrbanThread,Sports,65.37,,4.7,31,0,SKU-SPO-0452,"training, gym",High-quality portable ab wheel from UrbanThread. Perfect for everyday use. Features premium materials and thoughtful design. This sports product has been carefully crafted to meet the highest standards of quality and performance.,2022-08-17 00:00:00,https://placehold.co/400x400/10b981/ffffff?text=Ab,https://scrapingsandbox.com/product/452,0,0.0,0.0,Out of Stock,2022-08-17,2022,8,August,Affordable,Excellent
453,Pro Ice Scraper,StyleCraft,Automotive,76.87,,4.7,233,1,SKU-AUT-0453,"maintenance, travel",High-quality pro ice scraper from StyleCraft. Perfect for everyday use. Features premium materials and thoughtful design. This automotive product has been carefully crafted to meet the highest standards of quality and performance.,2022-02-17 00:00:00,https://placehold.co/400x400/8b5cf6/ffffff?text=Ice,https://scrapingsandbox.com/product/453,0,0.0,0.0,In Stock,2022-02-17,2022,2,February,Affordable,Excellent
454,Handcrafted SSD Drive,VitalLife,Electronics,142.86,198.79,3.6,347,1,SKU-ELE-0454,digital,High-quality handcrafted ssd drive from VitalLife. Perfect for everyday use. Features premium materials and thoughtful design. This electronics product has been carefully crafted to meet the highest standards of quality and performance.,2023-08-27 00:00:00,https://placehold.co/400x400/ec4899/ffffff?text=SSD,https://scrapingsandbox.com/product/454,1,55.93,28.14,In Stock,2023-08-27,2023,8,August,Premium,Good
455,Classic Tea Collection,HomeNest,Food & Beverage,130.9,,3.1,228,1,SKU-FOO-0455,"gourmet, drinks",High-quality classic tea collection from HomeNest. Perfect for everyday use. Features premium materials and thoughtful design. This food & beverage product has been carefully crafted to meet the highest standards of quality and performance.,2023-05-05 00:00:00,https://placehold.co/400x400/84cc16/ffffff?text=Tea,https://scrapingsandbox.com/product/455,0,0.0,0.0,In Stock,2023-05-05,2023,5,May,Premium,Average
456,Essential Floor Mat,TasteBud,Automotive,129.18,193.27,3.3,430,1,SKU-AUT-0456,"car, accessories, safety",High-quality essential floor mat from TasteBud. Perfect for everyday use. Features premium materials and thoughtful design. This automotive product has been carefully crafted to meet the highest standards of quality and performance.,2022-02-08 00:00:00,https://placehold.co/400x400/3b82f6/ffffff?text=Floor,https://scrapingsandbox.com/product/456,1,64.09,33.16,In Stock,2022-02-08,2022,2,February,Premium,Average
457,Compact Board Game,PageTurner,Toys,102.16,,4.6,222,1,SKU-TOY-0457,"kids, games, fun",High-quality compact board game from PageTurner. Perfect for everyday use. Features premium materials and thoughtful design. This toys product has been carefully crafted to meet the highest standards of quality and performance.,2022-06-18 00:00:00,https://placehold.co/400x400/f97316/ffffff?text=Board,https://scrapingsandbox.com/product/457,0,0.0,0.0,In Stock,2022-06-18,2022,6,June,Premium,Excellent
458,Premium Guitar Strings,DeskMate,Music,166.64,266.95,4.8,291,1,SKU-MUS-0458,"instruments, audio, recording",High-quality premium guitar strings from DeskMate. Perfect for everyday use. Features premium materials and thoughtful design. This music product has been carefully crafted to meet the highest standards of quality and performance.,2023-04-23 00:00:00,https://placehold.co/400x400/84cc16/ffffff?text=Guitar,https://scrapingsandbox.com/product/458,1,100.31,37.58,In Stock,2023-04-23,2023,4,April,Luxury,Excellent
459,Compact Olive Oil,ProGear,Food & Beverage,188.11,,4.8,192,1,SKU-FOO-0459,"organic, snacks, drinks",High-quality compact olive oil from ProGear. Perfect for everyday use. Features premium materials and thoughtful design. This food & beverage product has been carefully crafted to meet the highest standards of quality and performance.,2023-08-27 00:00:00,https://placehold.co/400x400/ec4899/ffffff?text=Olive,https://scrapingsandbox.com/product/459,0,0.0,0.0,In Stock,2023-08-27,2023,8,August,Luxury,Excellent
460,Handcrafted Paint Set,PageTurner,Art,30.3,,4.4,362,1,SKU-ART-0460,"supplies, creative, drawing",High-quality handcrafted paint set from PageTurner. Perfect for everyday use. Features premium materials and thoughtful design. This art product has been carefully crafted to meet the highest standards of quality and performance.,2022-04-01 00:00:00,https://placehold.co/400x400/10b981/ffffff?text=Paint,https://scrapingsandbox.com/product/460,0,0.0,0.0,In Stock,2022-04-01,2022,4,April,Budget,Very Good
461,Vintage Cufflinks,HomeNest,Jewelry,175.08,255.69,4.3,296,1,SKU-JEW-0461,"luxury, fashion",High-quality vintage cufflinks from HomeNest. Perfect for everyday use. Features premium materials and thoughtful design. This jewelry product has been carefully crafted to meet the highest standards of quality and performance.,2023-01-26 00:00:00,https://placehold.co/400x400/3b82f6/ffffff?text=Cufflinks,https://scrapingsandbox.com/product/461,1,80.61,31.53,In Stock,2023-01-26,2023,1,January,Luxury,Very Good
462,Ultra Clock,TechVault,Home & Garden,150.28,204.96,3.7,290,1,SKU-HOM-0462,"decor, kitchen, cozy",High-quality ultra clock from TechVault. Perfect for everyday use. Features premium materials and thoughtful design. This home & garden product has been carefully crafted to meet the highest standards of quality and performance.,2023-03-22 00:00:00,https://placehold.co/400x400/10b981/ffffff?text=Clock,https://scrapingsandbox.com/product/462,1,54.68,26.68,In Stock,2023-03-22,2023,3,March,Luxury,Good
463,Vintage Coconut Water,PageTurner,Food & Beverage,185.58,,4.7,344,1,SKU-FOO-0463,"organic, gourmet",High-quality vintage coconut water from PageTurner. Perfect for everyday use. Features premium materials and thoughtful design. This food & beverage product has been carefully crafted to meet the highest standards of quality and performance.,2022-09-14 00:00:00,https://placehold.co/400x400/8b5cf6/ffffff?text=Coconut,https://scrapingsandbox.com/product/463,0,0.0,0.0,In Stock,2022-09-14,2022,9,September,Luxury,Excellent
464,Smart Pop Filter,VitalLife,Music,136.32,197.59,4.4,272,0,SKU-MUS-0464,"instruments, accessories, performance",High-quality smart pop filter from VitalLife. Perfect for everyday use. Features premium materials and thoughtful design. This music product has been carefully crafted to meet the highest standards of quality and performance.,2022-03-29 00:00:00,https://placehold.co/400x400/10b981/ffffff?text=Pop,https://scrapingsandbox.com/product/464,1,61.27,31.01,Out of Stock,2022-03-29,2022,3,March,Premium,Very Good
465,Portable Calligraphy Set,TasteBud,Art,49.68,,3.8,323,1,SKU-ART-0465,supplies,High-quality portable calligraphy set from TasteBud. Perfect for everyday use. Features premium materials and thoughtful design. This art product has been carefully crafted to meet the highest standards of quality and performance.,2022-01-08 00:00:00,https://placehold.co/400x400/8b5cf6/ffffff?text=Calligraphy,https://scrapingsandbox.com/product/465,0,0.0,0.0,In Stock,2022-01-08,2022,1,January,Budget,Good
466,Essential Stencil Set,FitPro,Art,72.64,,4.4,147,0,SKU-ART-0466,"supplies, painting",High-quality essential stencil set from FitPro. Perfect for everyday use. Features premium materials and thoughtful design. This art product has been carefully crafted to meet the highest standards of quality and performance.,2022-03-28 00:00:00,https://placehold.co/400x400/84cc16/ffffff?text=Stencil,https://scrapingsandbox.com/product/466,0,0.0,0.0,Out of Stock,2022-03-28,2022,3,March,Affordable,Very Good
467,Ultra Locket,VitalLife,Jewelry,132.16,196.07,3.5,303,1,SKU-JEW-0467,"luxury, sterling, fashion",High-quality ultra locket from VitalLife. Perfect for everyday use. Features premium materials and thoughtful design. This jewelry product has been carefully crafted to meet the highest standards of quality and performance.,2023-01-20 00:00:00,https://placehold.co/400x400/6366f1/ffffff?text=Locket,https://scrapingsandbox.com/product/467,1,63.91,32.6,In Stock,2023-01-20,2023,1,January,Premium,Good
468,Premium Stencil Set,StyleCraft,Art,15.32,23.65,4.2,7,0,SKU-ART-0468,"creative, drawing, painting",High-quality premium stencil set from StyleCraft. Perfect for everyday use. Features premium materials and thoughtful design. This art product has been carefully crafted to meet the highest standards of quality and performance.,2023-01-09 00:00:00,https://placehold.co/400x400/3b82f6/ffffff?text=Stencil,https://scrapingsandbox.com/product/468,1,8.33,35.22,Out of Stock,2023-01-09,2023,1,January,Budget,Very Good
469,Eco-Friendly Charm,ArtisanHub,Jewelry,34.87,,4.4,146,1,SKU-JEW-0469,"accessories, handmade",High-quality eco-friendly charm from ArtisanHub. Perfect for everyday use. Features premium materials and thoughtful design. This jewelry product has been carefully crafted to meet the highest standards of quality and performance.,2023-11-10 00:00:00,https://placehold.co/400x400/f59e0b/ffffff?text=Charm,https://scrapingsandbox.com/product/469,0,0.0,0.0,In Stock,2023-11-10,2023,11,November,Budget,Very Good
470,Lightweight Laptop Sleeve,PageTurner,Electronics,72.93,,3.7,223,1,SKU-ELE-0470,"gadgets, digital",High-quality lightweight laptop sleeve from PageTurner. Perfect for everyday use. Features premium materials and thoughtful design. This electronics product has been carefully crafted to meet the highest standards of quality and performance.,2023-08-07 00:00:00,https://placehold.co/400x400/ec4899/ffffff?text=Laptop,https://scrapingsandbox.com/product/470,0,0.0,0.0,In Stock,2023-08-07,2023,8,August,Affordable,Good
471,Compact Ice Scraper,TechVault,Automotive,29.03,,4.8,394,0,SKU-AUT-0471,"car, accessories, travel",High-quality compact ice scraper from TechVault. Perfect for everyday use. Features premium materials and thoughtful design. This automotive product has been carefully crafted to meet the highest standards of quality and performance.,2022-10-19 00:00:00,https://placehold.co/400x400/06b6d4/ffffff?text=Ice,https://scrapingsandbox.com/product/471,0,0.0,0.0,Out of Stock,2022-10-19,2022,10,October,Budget,Excellent
472,Eco-Friendly Picture Frame,TasteBud,Home & Garden,59.95,,3.4,202,0,SKU-HOM-0472,"living room, garden",High-quality eco-friendly picture frame from TasteBud. Perfect for everyday use. Features premium materials and thoughtful design. This home & garden product has been carefully crafted to meet the highest standards of quality and performance.,2022-07-29 00:00:00,https://placehold.co/400x400/84cc16/ffffff?text=Picture,https://scrapingsandbox.com/product/472,0,0.0,0.0,Out of Stock,2022-07-29,2022,7,July,Affordable,Average
473,Lightweight Massage Gun,SoundWave,Health,152.52,241.16,3.2,249,1,SKU-HEA-0473,wellness,High-quality lightweight massage gun from SoundWave. Perfect for everyday use. Features premium materials and thoughtful design. This health product has been carefully crafted to meet the highest standards of quality and performance.,2023-03-16 00:00:00,https://placehold.co/400x400/84cc16/ffffff?text=Massage,https://scrapingsandbox.com/product/473,1,88.64,36.76,In Stock,2023-03-16,2023,3,March,Luxury,Average
474,Handcrafted Zinc Tablets,TechVault,Health,155.69,214.56,4.5,191,1,SKU-HEA-0474,fitness,High-quality handcrafted zinc tablets from TechVault. Perfect for everyday use. Features premium materials and thoughtful design. This health product has been carefully crafted to meet the highest standards of quality and performance.,2022-03-20 00:00:00,https://placehold.co/400x400/10b981/ffffff?text=Zinc,https://scrapingsandbox.com/product/474,1,58.87,27.44,In Stock,2022-03-20,2022,3,March,Luxury,Excellent
475,Eco-Friendly Fixative Spray,AutoParts Pro,Art,199.19,257.28,3.7,211,1,SKU-ART-0475,"drawing, painting",High-quality eco-friendly fixative spray from AutoParts Pro. Perfect for everyday use. Features premium materials and thoughtful design. This art product has been carefully crafted to meet the highest standards of quality and performance.,2023-03-08 00:00:00,https://placehold.co/400x400/06b6d4/ffffff?text=Fixative,https://scrapingsandbox.com/product/475,1,58.09,22.58,In Stock,2023-03-08,2023,3,March,Luxury,Good
476,Wireless Science Kit,AutoParts Pro,Toys,18.39,,4.3,323,1,SKU-TOY-0476,"kids, fun, educational",High-quality wireless science kit from AutoParts Pro. Perfect for everyday use. Features premium materials and thoughtful design. This toys product has been carefully crafted to meet the highest standards of quality and performance.,2022-02-12 00:00:00,https://placehold.co/400x400/8b5cf6/ffffff?text=Science,https://scrapingsandbox.com/product/476,0,0.0,0.0,In Stock,2022-02-12,2022,2,February,Budget,Very Good
477,Organic Polo Shirt,PageTurner,Clothing,30.02,,3.7,54,1,SKU-CLO-0477,"fashion, streetwear, casual",High-quality organic polo shirt from PageTurner. Perfect for everyday use. Features premium materials and thoughtful design. This clothing product has been carefully crafted to meet the highest standards of quality and performance.,2022-11-23 00:00:00,https://placehold.co/400x400/10b981/ffffff?text=Polo,https://scrapingsandbox.com/product/477,0,0.0,0.0,In Stock,2022-11-23,2022,11,November,Budget,Good
478,Compact Gym Bag,AutoParts Pro,Sports,13.39,,3.4,245,1,SKU-SPO-0478,"fitness, workout, training",High-quality compact gym bag from AutoParts Pro. Perfect for everyday use. Features premium materials and thoughtful design. This sports product has been carefully crafted to meet the highest standards of quality and performance.,2022-09-21 00:00:00,https://placehold.co/400x400/8b5cf6/ffffff?text=Gym,https://scrapingsandbox.com/product/478,0,0.0,0.0,In Stock,2022-09-21,2022,9,September,Budget,Average
479,Portable Throw Pillow,CozyCorner,Home & Garden,65.29,106.93,3.4,355,1,SKU-HOM-0479,"decor, kitchen, living room",High-quality portable throw pillow from CozyCorner. Perfect for everyday use. Features premium materials and thoughtful design. This home & garden product has been carefully crafted to meet the highest standards of quality and performance.,2022-07-08 00:00:00,https://placehold.co/400x400/f59e0b/ffffff?text=Throw,https://scrapingsandbox.com/product/479,1,41.64,38.94,In Stock,2022-07-08,2022,7,July,Affordable,Average
480,Pro Highlighters,HomeNest,Office Supplies,151.15,,4.3,207,1,SKU-OFF-0480,"stationery, organization, school",High-quality pro highlighters from HomeNest. Perfect for everyday use. Features premium materials and thoughtful design. This office supplies product has been carefully crafted to meet the highest standards of quality and performance.,2022-02-18 00:00:00,https://placehold.co/400x400/6366f1/ffffff?text=Highlighters,https://scrapingsandbox.com/product/480,0,0.0,0.0,In Stock,2022-02-18,2022,2,February,Luxury,Very Good
481,Premium Action Figure,SoundWave,Toys,116.38,,4.5,209,1,SKU-TOY-0481,"kids, educational, creative",High-quality premium action figure from SoundWave. Perfect for everyday use. Features premium materials and thoughtful design. This toys product has been carefully crafted to meet the highest standards of quality and performance.,2022-09-06 00:00:00,https://placehold.co/400x400/8b5cf6/ffffff?text=Action,https://scrapingsandbox.com/product/481,0,0.0,0.0,In Stock,2022-09-06,2022,9,September,Premium,Excellent
482,Pro Exfoliator,CozyCorner,Beauty,155.35,,3.9,198,1,SKU-BEA-0482,skincare,High-quality pro exfoliator from CozyCorner. Perfect for everyday use. Features premium materials and thoughtful design. This beauty product has been carefully crafted to meet the highest standards of quality and performance.,2023-09-20 00:00:00,https://placehold.co/400x400/3b82f6/ffffff?text=Exfoliator,https://scrapingsandbox.com/product/482,0,0.0,0.0,In Stock,2023-09-20,2023,9,September,Luxury,Good
483,Lightweight Throw Pillow,AutoParts Pro,Home & Garden,170.73,253.01,4.6,95,0,SKU-HOM-0483,"decor, kitchen, living room",High-quality lightweight throw pillow from AutoParts Pro. Perfect for everyday use. Features premium materials and thoughtful design. This home & garden product has been carefully crafted to meet the highest standards of quality and performance.,2023-09-21 00:00:00,https://placehold.co/400x400/10b981/ffffff?text=Throw,https://scrapingsandbox.com/product/483,1,82.28,32.52,Out of Stock,2023-09-21,2023,9,September,Luxury,Excellent
484,Organic Ab Wheel,NovaTech,Sports,35.29,56.31,3.8,335,1,SKU-SPO-0484,"outdoor, gym",High-quality organic ab wheel from NovaTech. Perfect for everyday use. Features premium materials and thoughtful design. This sports product has been carefully crafted to meet the highest standards of quality and performance.,2023-08-19 00:00:00,https://placehold.co/400x400/3b82f6/ffffff?text=Ab,https://scrapingsandbox.com/product/484,1,21.02,37.33,In Stock,2023-08-19,2023,8,August,Budget,Good
485,Professional Synthesizer Patch,NovaTech,Music,73.54,,3.4,136,1,SKU-MUS-0485,recording,High-quality professional synthesizer patch from NovaTech. Perfect for everyday use. Features premium materials and thoughtful design. This music product has been carefully crafted to meet the highest standards of quality and performance.,2023-09-13 00:00:00,https://placehold.co/400x400/f97316/ffffff?text=Synthesizer,https://scrapingsandbox.com/product/485,0,0.0,0.0,In Stock,2023-09-13,2023,9,September,Affordable,Average
486,Smart Monitor Stand,MindBooks,Electronics,80.41,,3.4,204,1,SKU-ELE-0486,"wireless, USB",High-quality smart monitor stand from MindBooks. Perfect for everyday use. Features premium materials and thoughtful design. This electronics product has been carefully crafted to meet the highest standards of quality and performance.,2023-12-07 00:00:00,https://placehold.co/400x400/84cc16/ffffff?text=Monitor,https://scrapingsandbox.com/product/486,0,0.0,0.0,In Stock,2023-12-07,2023,12,December,Affordable,Average
487,Classic USB-C Hub,GlowUp,Electronics,69.3,,4.0,142,1,SKU-ELE-0487,"tech, digital, wireless",High-quality classic usb-c hub from GlowUp. Perfect for everyday use. Features premium materials and thoughtful design. This electronics product has been carefully crafted to meet the highest standards of quality and performance.,2022-05-30 00:00:00,https://placehold.co/400x400/ec4899/ffffff?text=USB-C,https://scrapingsandbox.com/product/487,0,0.0,0.0,In Stock,2022-05-30,2022,5,May,Affordable,Very Good
488,Heavy-Duty Beanie,NovaTech,Clothing,121.62,,3.2,55,1,SKU-CLO-0488,"apparel, streetwear, casual",High-quality heavy-duty beanie from NovaTech. Perfect for everyday use. Features premium materials and thoughtful design. This clothing product has been carefully crafted to meet the highest standards of quality and performance.,2023-10-11 00:00:00,https://placehold.co/400x400/f59e0b/ffffff?text=Beanie,https://scrapingsandbox.com/product/488,0,0.0,0.0,In Stock,2023-10-11,2023,10,October,Premium,Average
489,Portable Essential Oil,SoundWave,Health,13.89,,4.6,394,1,SKU-HEA-0489,"wellness, medical, fitness",High-quality portable essential oil from SoundWave. Perfect for everyday use. Features premium materials and thoughtful design. This health product has been carefully crafted to meet the highest standards of quality and performance.,2023-12-04 00:00:00,https://placehold.co/400x400/84cc16/ffffff?text=Essential,https://scrapingsandbox.com/product/489,0,0.0,0.0,In Stock,2023-12-04,2023,12,December,Budget,Excellent
490,Ultra Beanie,CozyCorner,Clothing,52.43,72.28,3.5,474,1,SKU-CLO-0490,apparel,High-quality ultra beanie from CozyCorner. Perfect for everyday use. Features premium materials and thoughtful design. This clothing product has been carefully crafted to meet the highest standards of quality and performance.,2022-11-16 00:00:00,https://placehold.co/400x400/ec4899/ffffff?text=Beanie,https://scrapingsandbox.com/product/490,1,19.85,27.46,In Stock,2022-11-16,2022,11,November,Affordable,Good
491,Premium Fitness Tracker,DeskMate,Sports,122.51,190.53,3.9,209,0,SKU-SPO-0491,"fitness, workout, outdoor",High-quality premium fitness tracker from DeskMate. Perfect for everyday use. Features premium materials and thoughtful design. This sports product has been carefully crafted to meet the highest standards of quality and performance.,2022-10-04 00:00:00,https://placehold.co/400x400/ec4899/ffffff?text=Fitness,https://scrapingsandbox.com/product/491,1,68.02,35.7,Out of Stock,2022-10-04,2022,10,October,Premium,Good
492,Smart Tea Collection,PawPal,Food & Beverage,113.75,,3.7,190,0,SKU-FOO-0492,"snacks, drinks",High-quality smart tea collection from PawPal. Perfect for everyday use. Features premium materials and thoughtful design. This food & beverage product has been carefully crafted to meet the highest standards of quality and performance.,2023-01-08 00:00:00,https://placehold.co/400x400/06b6d4/ffffff?text=Tea,https://scrapingsandbox.com/product/492,0,0.0,0.0,Out of Stock,2023-01-08,2023,1,January,Premium,Good
493,Pro Pendant,PlayZone,Jewelry,178.56,245.2,4.3,24,1,SKU-JEW-0493,"accessories, luxury, sterling",High-quality pro pendant from PlayZone. Perfect for everyday use. Features premium materials and thoughtful design. This jewelry product has been carefully crafted to meet the highest standards of quality and performance.,2022-05-03 00:00:00,https://placehold.co/400x400/10b981/ffffff?text=Pendant,https://scrapingsandbox.com/product/493,1,66.64,27.18,In Stock,2022-05-03,2022,5,May,Luxury,Very Good
494,Essential Hair Oil,ArtisanHub,Beauty,188.87,,3.2,289,0,SKU-BEA-0494,"skincare, cosmetics",High-quality essential hair oil from ArtisanHub. Perfect for everyday use. Features premium materials and thoughtful design. This beauty product has been carefully crafted to meet the highest standards of quality and performance.,2022-03-09 00:00:00,https://placehold.co/400x400/84cc16/ffffff?text=Hair,https://scrapingsandbox.com/product/494,0,0.0,0.0,Out of Stock,2022-03-09,2022,3,March,Luxury,Average
495,Wireless Granola,UrbanThread,Food & Beverage,13.31,,4.9,464,0,SKU-FOO-0495,"organic, gourmet, drinks",High-quality wireless granola from UrbanThread. Perfect for everyday use. Features premium materials and thoughtful design. This food & beverage product has been carefully crafted to meet the highest standards of quality and performance.,2023-06-19 00:00:00,https://placehold.co/400x400/84cc16/ffffff?text=Granola,https://scrapingsandbox.com/product/495,0,0.0,0.0,Out of Stock,2023-06-19,2023,6,June,Budget,Excellent
496,Advanced Mystery Novel,CozyCorner,Books,9.72,11.95,3.1,155,1,SKU-BOO-0496,"reading, education, bestseller",High-quality advanced mystery novel from CozyCorner. Perfect for everyday use. Features premium materials and thoughtful design. This books product has been carefully crafted to meet the highest standards of quality and performance.,2022-08-17 00:00:00,https://placehold.co/400x400/ef4444/ffffff?text=Mystery,https://scrapingsandbox.com/product/496,1,2.23,18.66,In Stock,2022-08-17,2022,8,August,Budget,Average
497,Vintage Cat Toy,HomeNest,Pet Supplies,99.7,,4.8,337,1,SKU-PET-0497,"pets, food",High-quality vintage cat toy from HomeNest. Perfect for everyday use. Features premium materials and thoughtful design. This pet supplies product has been carefully crafted to meet the highest standards of quality and performance.,2022-08-15 00:00:00,https://placehold.co/400x400/ef4444/ffffff?text=Cat,https://scrapingsandbox.com/product/497,0,0.0,0.0,In Stock,2022-08-15,2022,8,August,Affordable,Excellent
498,Compact Clock,HomeNest,Home & Garden,67.89,,4.9,103,1,SKU-HOM-0498,"kitchen, living room",High-quality compact clock from HomeNest. Perfect for everyday use. Features premium materials and thoughtful design. This home & garden product has been carefully crafted to meet the highest standards of quality and performance.,2022-09-12 00:00:00,https://placehold.co/400x400/84cc16/ffffff?text=Clock,https://scrapingsandbox.com/product/498,0,0.0,0.0,In Stock,2022-09-12,2022,9,September,Affordable,Excellent
499,Heavy-Duty Gym Bag,TechVault,Sports,63.7,,4.8,194,1,SKU-SPO-0499,"fitness, workout, training",High-quality heavy-duty gym bag from TechVault. Perfect for everyday use. Features premium materials and thoughtful design. This sports product has been carefully crafted to meet the highest standards of quality and performance.,2023-12-24 00:00:00,https://placehold.co/400x400/3b82f6/ffffff?text=Gym,https://scrapingsandbox.com/product/499,0,0.0,0.0,In Stock,2023-12-24,2023,12,December,Affordable,Excellent
500,Classic Grooming Brush,MindBooks,Pet Supplies,59.07,,4.6,273,1,SKU-PET-0500,"dogs, food",High-quality classic grooming brush from MindBooks. Perfect for everyday use. Features premium materials and thoughtful design. This pet supplies product has been carefully crafted to meet the highest standards of quality and performance.,2022-08-13 00:00:00,https://placehold.co/400x400/ef4444/ffffff?text=Grooming,https://scrapingsandbox.com/product/500,0,0.0,0.0,In Stock,2022-08-13,2022,8,August,Affordable,Excellent
